user_id,y,support,occurrences_left
178180,27104,26.0,0.0
178180,34243,20.0,-1.0
178180,24964,26.0,-1.0
178180,5876,19.0,0.0
178180,44359,12.0,0.0
178180,22935,29.0,0.0
178180,47209,298.0,0.0
178180,43961,22.0,0.0
178180,42585,7.0,0.0
178180,46667,25.0,0.5
24584,16953,3.0,0.0
24584,39275,14.0,0.0
100371,14992,26.0,-4.0
100371,24852,771.0,-34.0
100371,5077,629.0,-11.0
100371,5782,56.0,0.0
100371,44632,93.0,-24.0
100371,21288,55.0,-16.0
100371,39993,50.0,0.0
100371,44683,63.0,-0.5
100371,9387,17.0,0.0
100371,16797,759.0,-15.0
100371,45007,42.0,0.0
153620,5782,13.0,0.0
139295,26165,19.0,0.0
139295,22935,124.0,-3.0
139295,44359,40.0,-1.0
139295,42265,61.0,0.0
139295,43961,28.0,-1.0
139295,39275,55.0,0.0
139295,19660,15.0,0.0
139295,16797,55.0,-1.0
139295,21903,119.0,-1.0
20510,21137,41.0,-1.0
20510,12341,20.0,0.0
20510,37687,3.0,-2.0
20510,13176,34.0,-2.5
20510,43352,30.0,-0.5
20510,30827,6.0,0.0
20510,16797,15.0,0.0
51230,24852,35.0,-0.5
51230,21573,9.0,-3.0
51230,33198,24.0,0.0
51230,41950,4.0,1.0
92202,6184,11.0,0.0
92202,4920,10.0,0.0
24628,21616,15.0,0.0
86068,21137,48.0,0.0
86068,196,12.0,0.0
6203,26209,35.0,0.0
6203,31553,14.0,0.5
6203,39108,16.0,0.0
6203,7751,16.0,0.0
6203,47144,27.0,-1.0
6203,47977,5.0,0.0
6203,20842,10.0,0.0
6203,35914,3.0,0.0
6203,9387,22.0,0.0
6203,28427,3.0,0.0
6203,33198,7.0,-0.5
6203,5077,34.0,0.0
6203,12341,10.0,-1.0
6203,36316,10.0,0.0
6203,41950,7.0,0.0
34876,21616,6.0,0.0
34876,42736,5.0,0.0
34876,8193,9.0,0.0
34876,26369,5.0,-1.0
34876,21938,12.0,-2.0
34876,31506,5.0,0.0
34876,5479,11.0,0.0
34876,24184,26.0,0.0
34876,37067,5.0,0.0
34876,28204,5.0,0.5
34876,4605,9.0,0.0
34876,31343,2.0,0.5
2109,34050,22.0,0.0
2109,24852,9.0,0.0
2109,28842,41.0,0.0
2109,47626,25.0,0.0
4157,47766,7.0,0.0
161856,27521,8.0,0.0
161856,45603,26.0,0.0
161856,24964,109.0,-1.0
161856,47626,3.0,0.0
161856,37646,5.0,0.0
161856,34126,5.0,0.0
161856,44142,5.0,0.0
161856,21903,67.0,0.0
161856,45007,44.0,-0.5
161856,21137,212.0,-2.0
161856,5876,60.0,0.0
161856,47766,83.0,-3.0
161856,22935,25.0,0.0
161856,30391,5.0,0.0
161856,13176,205.0,-3.0
161856,44632,41.0,-0.5
161856,42265,171.0,-6.0
161856,42585,18.0,-0.5
161856,16797,15.0,0.0
94279,10673,5.0,-1.0
94279,43352,8.0,0.0
127047,9076,25.0,0.0
127047,24852,45.0,0.0
147524,32864,50.0,0.0
147524,24838,126.0,-24.0
147524,44359,19.0,0.5
147524,19660,152.0,-11.5
147524,21903,304.0,-5.0
147524,9839,54.0,-3.5
147524,21137,210.0,-2.5
147524,30450,7.0,0.0
147524,8277,4.0,0.0
147524,16759,16.0,-10.0
147524,4920,188.0,0.0
147524,13176,452.0,-36.0
147524,18362,40.0,-2.5
147524,17948,18.0,0.0
157768,48679,5.0,0.0
157768,45066,11.0,0.0
14416,15424,57.0,-3.0
14416,26209,213.0,0.0
14416,4210,98.0,1.5
14416,23909,103.0,1.5
14416,6187,6.0,0.5
14416,41276,41.0,-2.5
133202,8048,14.0,0.0
133202,21137,210.0,-0.5
133202,40199,9.0,0.0
133202,43352,137.0,0.5
133202,13176,43.0,0.0
133202,8571,116.0,-5.0
133202,39275,33.0,-1.0
133202,8859,23.0,0.0
133202,21292,97.0,0.0
133202,19660,68.0,-2.0
174162,8174,2.0,0.5
84052,21137,18.0,0.0
84052,13176,58.0,0.0
84052,34969,14.0,-1.0
84052,28985,15.0,0.0
84052,21903,27.0,0.0
120923,21137,13.0,-5.0
120923,10673,8.0,-1.0
120923,47144,7.0,0.0
120923,9387,14.0,-2.0
120923,43772,8.0,-4.0
120923,11182,11.0,-2.0
129128,24852,7.0,-1.0
129128,22935,146.0,-2.5
129128,16759,48.0,-3.0
129128,13176,54.0,-1.0
129128,38456,7.0,0.0
129128,5450,16.0,-3.5
129128,25466,5.0,-1.0
129128,651,15.0,0.0
129128,27325,7.0,-4.5
6255,24852,8.0,0.0
67699,13176,6.0,0.0
131197,5450,5.0,-1.0
131197,28204,8.0,0.0
131197,10749,3.0,0.0
30850,27104,8.0,0.0
30850,17794,2.0,0.5
30850,5479,20.0,0.5
30850,35561,21.0,-2.0
30850,24489,12.0,-1.0
30850,45007,6.0,0.0
30850,32655,8.0,-0.5
30850,21137,41.0,0.0
30850,19057,54.0,-1.0
30850,43154,72.0,0.0
30850,5876,11.0,-3.0
30850,13176,282.0,-1.5
30850,47672,15.0,0.5
30850,27966,27.0,0.0
30850,41950,32.0,-2.0
30850,13535,11.0,0.5
104579,21137,93.0,0.0
104579,30450,9.0,0.0
104579,26604,7.0,0.0
10371,15290,24.0,-2.0
10371,4605,76.0,0.0
88204,46149,65.0,-1.0
178317,21137,205.0,-4.0
178317,40706,53.0,-2.0
178317,13176,289.0,-1.0
178317,34969,22.0,0.0
178317,39275,351.0,-16.0
178317,26620,7.0,0.0
178317,16797,485.0,-8.0
178317,4605,68.0,-1.0
120977,31506,12.0,0.0
120977,17794,11.0,0.0
120977,24852,14.0,0.0
120977,38293,14.0,0.0
120977,45066,9.0,-0.5
176275,42701,4.0,0.0
43157,27344,16.0,0.0
43157,4920,7.0,-1.0
43157,15902,2.0,-0.5
34978,46979,35.0,-3.0
34978,4920,13.0,-1.0
34978,30233,4.0,-1.0
34978,44683,7.0,0.0
34978,13870,2.0,0.5
34978,4799,2.0,-0.5
37038,25890,11.0,0.5
37038,24852,8.0,0.5
37038,44359,21.0,0.0
37038,13176,63.0,0.0
37038,47626,64.0,1.5
37038,20842,13.0,0.0
37038,46667,33.0,0.0
37038,39275,2.0,-0.5
37038,16797,8.0,0.0
37038,33198,13.0,-1.0
37038,21903,81.0,0.5
84144,18465,7.0,-3.0
84144,24964,50.0,0.0
84144,260,8.0,-2.0
84144,39877,28.0,-1.0
84144,48679,28.0,0.0
84144,22825,56.0,-1.0
84144,47209,28.0,-13.0
84144,45066,85.0,0.0
84144,47626,23.0,-4.0
84144,28204,2.0,-5.5
84144,21903,495.0,-23.5
84144,45007,15.0,-5.5
84144,27344,4.0,0.0
84144,22963,3.0,0.0
84144,5876,31.0,-5.5
84144,8277,28.0,-7.5
84144,8021,27.0,-8.0
84144,5077,3.0,-2.0
84144,26165,2.0,0.5
84144,22935,57.0,0.0
84144,25466,28.0,-7.5
84144,44987,8.0,0.0
84144,41950,26.0,0.0
67762,11182,3.0,0.0
73925,13176,10.0,-2.0
73925,44632,10.0,-3.0
73925,47209,19.0,-3.0
73925,21903,7.0,-1.0
32971,15424,256.0,2.5
32971,24852,1768.0,-1.0
32971,9387,756.0,1.0
32971,28204,491.0,-1.0
32971,8174,13.0,0.5
182476,8277,17.0,0.0
182476,41950,91.0,0.0
28879,21137,87.0,0.0
28879,20995,14.0,0.0
28879,5876,20.0,0.0
28879,16965,11.0,1.5
28879,13176,133.0,-1.0
28879,16797,45.0,0.0
28879,35951,22.0,-2.0
63701,38768,25.0,0.0
63701,17122,76.0,0.0
63701,49235,9.0,0.0
63701,9076,45.0,0.0
63701,6184,114.0,-2.0
63701,21288,134.0,-3.0
63701,16953,31.0,0.0
63701,14233,16.0,1.5
63701,8571,33.0,-1.0
63701,21292,45.0,0.0
63701,16797,40.0,0.0
80089,260,3.0,0.0
80089,28199,29.0,-0.5
80089,47209,87.0,-5.0
80089,46667,2.0,0.5
80089,21709,2.0,0.5
80089,33198,87.0,0.0
80089,21903,176.0,0.5
80089,19057,44.0,-9.5
80089,22035,27.0,0.5
80089,35221,9.0,0.0
80089,22935,5.0,-1.0
80089,13176,1582.0,-11.5
80089,28985,35.0,0.0
80089,16185,9.0,0.0
80089,42265,4.0,1.0
80089,2078,52.0,0.5
80089,43295,60.0,0.5
2265,12341,59.0,0.0
57568,24852,5.0,0.0
57568,5876,5.0,0.0
57568,44359,12.0,0.0
57568,13176,3.0,0.0
57568,34969,17.0,0.0
80109,26209,23.0,0.0
80109,24964,59.0,-1.0
80109,48679,12.0,0.0
80109,5479,6.0,0.5
80109,47626,66.0,0.0
80109,41290,35.0,-2.0
80109,46667,7.0,0.0
80109,21903,37.0,0.0
80109,41844,3.0,-1.0
80109,12341,266.0,-11.0
80109,47766,81.0,0.0
80109,30391,18.0,-2.0
80109,13176,228.0,0.0
80109,43961,29.0,-1.0
80109,25146,109.0,-2.0
80109,16797,360.0,-1.0
53504,21137,41.0,-2.0
53504,6184,5.0,-1.0
53504,39275,44.0,-1.0
53504,8859,20.0,0.0
123136,21137,73.0,-3.5
123136,19057,34.0,-1.0
123136,17794,3.0,-1.0
123136,45603,6.0,0.0
123136,44359,32.0,0.0
123136,22935,8.0,0.0
123136,30391,7.0,-1.0
123136,13176,48.0,-3.5
123136,26604,7.0,0.0
123136,27966,12.0,-2.0
24834,21137,13.0,0.0
188672,26209,9.0,0.0
188672,22935,26.0,0.0
188672,34969,10.0,-1.0
188672,28842,25.0,-3.0
102664,196,11.0,0.0
104712,35042,8.0,0.0
104712,34050,2.0,0.5
104712,24852,63.0,0.0
104712,25588,4.0,0.0
176395,20955,5.0,-2.0
176395,10957,3.0,0.0
22794,24964,24.0,-1.0
22794,13176,6.0,0.0
22794,19660,6.0,0.0
22794,19678,12.0,0.0
133384,13176,1367.0,0.0
133384,18362,72.0,0.0
133384,37646,308.0,0.0
125196,5025,12.0,-1.0
125196,12916,18.0,0.0
125196,16953,4.0,0.0
125196,47626,36.0,-1.0
125196,15290,2.0,0.5
125196,43772,5.0,0.5
125196,44142,13.0,-1.0
55567,21288,10.0,0.0
135454,21288,4.0,0.0
110885,21137,15.0,0.0
110885,18465,5.0,0.0
110885,24964,32.0,0.0
110885,13176,74.0,0.0
110885,10749,6.0,0.0
110885,21903,95.0,-1.0
119081,196,5.0,0.0
119081,19660,18.0,0.0
158000,5876,9.0,-1.0
158000,16759,20.0,0.0
28981,44142,11.0,0.0
28981,29487,15.0,0.0
10552,28993,6.0,0.0
10552,47626,29.0,0.0
10552,44142,73.0,0.0
10552,29487,12.0,0.0
121144,26209,22.0,0.0
121144,21938,22.0,0.0
121144,14947,5.0,0.0
121144,5876,27.0,-2.0
121144,24964,6.0,0.0
121144,31717,14.0,0.0
121144,24184,8.0,0.0
110918,32689,93.0,-1.0
110918,196,17.0,-1.0
127305,21195,13.0,-1.0
88397,30450,4.0,0.0
88397,42265,14.0,0.0
88397,35951,8.0,0.0
155982,8277,340.0,0.0
155982,8021,55.0,-2.0
155982,13176,1189.0,0.0
155982,42265,56.0,-8.0
155982,28204,3.0,0.0
155982,11182,10.0,0.0
155982,35951,30.0,0.0
155982,21903,29.0,-2.0
84302,48679,14.0,-1.0
84302,47209,519.0,1.0
84302,24489,5.0,0.0
84302,19660,7.0,0.0
84302,21709,10.0,-3.0
84302,35951,16.0,-1.0
84302,21137,26.0,0.0
84302,19057,16.0,0.0
84302,40310,3.0,-1.0
84302,30391,20.0,-1.0
84302,44632,27.0,-2.0
84302,41950,15.0,0.0
84302,27966,17.0,1.0
61778,26209,12.0,0.0
61778,31506,19.0,0.0
61778,13176,11.0,-2.0
61778,21903,4.0,-1.0
24916,21137,48.0,0.0
45396,39108,119.0,0.5
45396,27845,39.0,0.0
45396,3957,8.0,0.0
45396,40709,4.0,0.0
45396,13176,11.0,0.0
45396,37646,6.0,-1.0
45396,8174,4.0,0.0
59734,39408,5.0,-1.0
59734,32689,4.0,0.0
59734,35561,10.0,0.0
59734,30827,6.0,0.0
33111,10673,8.0,-4.0
33111,24852,20.0,-4.0
33111,21333,7.0,0.0
33111,25146,3.0,-1.0
33111,20955,5.0,-2.0
33111,10957,4.0,0.0
45404,39408,11.0,-2.0
45404,32689,11.0,0.0
45404,19348,5.0,-2.0
45404,20955,27.0,0.5
45404,44683,14.0,0.0
45404,16797,8.0,0.0
45404,21903,6.0,0.0
14687,432,9.0,-1.0
14687,42240,5.0,-1.0
14687,10673,81.0,0.0
14687,39108,53.0,-10.0
14687,24852,91.0,-15.5
14687,23909,16.0,-1.0
14687,16953,4.0,-2.0
14687,41290,125.0,-9.0
14687,20842,14.0,-2.0
14687,9387,23.0,-12.5
74084,19660,6.0,0.0
127332,20114,25.0,-2.0
127332,46979,115.0,-6.0
127332,32691,12.0,-3.0
127332,16965,5.0,-1.0
127332,13176,986.0,-6.0
127332,43961,8.0,0.0
127332,46654,5.0,0.0
364,8048,202.0,-5.0
364,38768,114.0,-5.5
364,30450,21.0,-5.0
364,12341,592.0,-6.5
364,6184,388.0,-5.0
364,42265,28.0,0.0
364,39275,265.0,-7.0
364,30827,51.0,-4.0
364,21195,31.0,-4.0
364,21903,754.0,-8.5
51568,196,24.0,0.0
51568,13176,100.0,0.0
51568,19660,65.0,-2.5
156019,12341,7.0,0.0
156019,46149,3.0,0.0
156019,35561,10.0,0.0
24946,32689,104.0,0.0
24946,4920,104.0,-2.0
24946,5258,12.0,0.0
24946,30827,101.0,0.0
133492,30827,14.0,0.0
184692,43352,41.0,0.0
184692,33768,11.0,0.0
184692,21288,8.0,-1.0
92537,10957,6.0,0.0
194939,40199,13.0,0.0
174462,26369,6.0,0.0
174462,41220,13.0,0.0
174462,39877,11.0,0.0
174462,44359,51.0,0.0
174462,47209,28.0,-1.0
174462,47626,22.0,0.0
174462,41290,18.0,0.0
174462,21616,6.0,0.5
174462,30391,14.0,-1.0
174462,4920,34.0,-1.0
174462,13176,20.0,-1.0
174462,23288,6.0,0.0
174462,14233,9.0,0.0
174462,42265,8.0,-2.0
174462,25146,5.0,0.0
63878,21137,55.0,-0.5
63878,31506,19.0,0.0
63878,31717,11.0,0.0
63878,47766,7.0,0.0
63878,13176,49.0,-1.0
63878,45066,15.0,2.0
63878,16797,79.0,-4.0
59784,21616,6.0,0.0
59784,42736,7.0,0.5
59784,21137,10.0,-1.5
59784,8277,22.0,0.0
59784,39877,3.0,0.0
59784,44359,30.0,0.0
59784,13176,37.0,0.0
59784,42265,8.0,-3.0
59784,10749,15.0,-1.0
59784,21903,12.0,-1.5
86410,27344,27.0,-14.0
86410,17600,22.0,-1.0
86410,31506,17.0,-8.5
86410,46979,45.0,-4.5
86410,24852,37.0,-10.0
86410,30233,4.0,-1.0
86410,5450,29.0,-9.0
86410,28204,14.0,-1.0
86410,11182,58.0,0.0
72093,46802,7.0,-1.0
72093,5876,40.0,0.0
72093,41220,3.0,0.0
72093,44359,22.0,0.0
72093,22935,16.0,0.0
72093,30391,11.0,0.0
72093,13176,51.0,0.0
72093,28985,11.0,0.0
72093,46906,10.0,0.0
72093,21903,14.0,0.0
166302,49520,11.0,0.0
166302,49683,13.0,-1.0
166302,29487,7.0,-2.0
6557,23288,2.0,-0.5
29097,16759,8.0,0.0
180651,30391,231.0,-11.0
180651,47209,397.0,-10.0
88493,47626,9.0,0.0
162227,33000,5.0,0.5
162227,25466,5.0,0.5
45491,26209,777.0,-27.0
45491,24964,438.0,-26.0
45491,31717,376.0,-13.5
45491,46667,26.0,0.0
45491,6187,21.0,-4.0
45491,19660,89.0,-1.0
45491,29487,5.0,0.5
45491,19057,139.0,1.5
45491,21137,169.0,-5.0
45491,21938,136.0,-10.5
45491,31506,5.0,-3.0
45491,24852,348.0,-4.0
45491,47766,485.0,-14.0
45491,4920,131.0,-9.5
45491,27966,346.0,-14.0
111026,43352,4.0,0.0
123319,38768,13.0,0.0
123319,13176,10.0,0.0
123319,43352,10.0,0.0
123319,42265,8.0,0.0
123319,30827,14.0,0.0
123319,39275,14.0,0.0
88505,25890,28.0,-0.5
88505,24852,519.0,1.0
88505,5077,515.0,0.0
88505,47766,65.0,0.5
88505,23734,30.0,-2.0
88505,47209,15.0,-4.0
88505,28842,83.0,-3.0
88505,25146,3.0,0.0
88505,47626,2.0,0.5
88505,29487,263.0,1.0
104898,44632,2.0,0.5
104898,21709,2.0,0.5
10697,432,6.0,0.0
10697,21137,322.0,0.5
10697,40706,78.0,0.5
10697,21938,8.0,0.0
10697,22935,148.0,0.0
10697,43352,299.0,-3.0
10697,39928,24.0,-1.0
10697,47209,112.0,1.0
10697,39275,81.0,0.0
10697,10749,19.0,0.0
10697,21903,624.0,-2.0
12750,21137,11.0,0.0
12750,34050,4.0,-1.0
12750,22935,18.0,0.5
12750,13176,11.0,0.0
12750,47209,4.0,0.0
12750,27966,5.0,-1.0
121308,46979,7.0,1.0
121308,15290,12.0,0.0
68073,38768,13.0,0.0
68073,31506,19.0,-1.0
68073,6184,7.0,-1.0
68073,18441,10.0,-2.0
68073,21195,55.0,0.0
68073,39275,9.0,-3.0
139754,39275,14.0,0.0
141811,8021,19.0,0.0
141811,13176,5.0,0.0
141811,14233,69.0,0.0
59895,5077,13.0,0.0
174584,43154,3.0,0.0
137725,21137,8.0,0.0
137725,13176,26.0,0.0
64000,8048,17.0,0.0
64000,30450,3.0,0.0
64000,21573,5.0,0.0
64000,35561,36.0,0.0
64000,21292,52.0,0.0
123392,14947,42.0,-2.0
123392,24964,189.0,1.5
123392,41220,3.0,0.0
123392,47144,7.0,0.0
123392,39275,349.0,0.5
123392,26604,14.0,0.0
123392,21903,645.0,2.5
123392,45007,20.0,-2.0
123392,21137,605.0,0.5
123392,49683,95.0,1.0
123392,24852,215.0,1.0
123392,38293,14.0,-2.0
123392,47766,267.0,4.0
123392,16759,70.0,-2.0
123392,22935,15.0,1.0
123392,28985,72.0,-5.0
123392,34969,10.0,0.5
123392,25659,26.0,1.5
123392,16797,52.0,0.0
174598,24852,15.0,0.0
174598,34126,6.0,0.0
111111,24852,33.0,0.0
113161,21137,17.0,0.0
113161,24852,14.0,0.0
113161,47766,7.0,0.0
57872,16953,28.0,-1.0
51730,35221,4.0,0.0
51730,8518,2.0,-0.5
51730,4920,24.0,0.0
51730,43961,9.0,0.0
51730,30489,3.0,0.0
51730,45066,23.0,-1.0
51730,41950,4.0,-2.0
115219,8048,114.0,-1.0
115219,21137,120.0,0.0
115219,196,26.0,-2.0
115219,13176,112.0,-1.0
115219,21288,51.0,-2.0
115219,42265,40.0,0.0
115219,39275,114.0,-8.0
115219,21292,44.0,-1.0
115219,19660,26.0,-1.0
115219,16797,346.0,-6.0
121371,21137,5.0,0.0
121371,24852,7.0,0.0
121371,13176,11.0,0.0
121371,46667,21.0,0.0
121371,16797,67.0,0.0
121371,40174,2.0,0.5
109087,21137,119.0,-1.5
109087,24852,244.0,-6.5
109087,41220,9.0,0.0
109087,44632,63.0,-6.0
109087,26604,278.0,-4.0
109087,26620,29.0,-0.5
109087,27966,306.0,-10.5
18985,14992,2.0,0.5
18985,24852,6.0,0.0
18985,4605,3.0,-3.0
88625,15424,3.0,0.0
88625,5025,4.0,0.0
88625,24852,3.0,0.0
88625,9387,6.0,0.0
88625,6046,3.0,-1.0
162354,34969,8.0,0.0
162354,29487,8.0,0.0
180785,21137,9.0,0.0
180785,17794,59.0,-1.0
180785,13176,82.0,-1.0
180785,19660,87.0,-2.0
180785,42701,18.0,-1.0
180785,21903,20.0,0.0
152118,47626,3.0,0.0
152118,28204,7.0,0.5
35389,21137,11.0,0.5
35389,13176,6.0,0.5
35389,43352,2.0,0.5
35389,41400,2.0,-0.5
35389,6184,4.0,1.0
35389,44683,18.0,0.5
35389,21195,9.0,-1.0
39488,26209,33.0,0.5
39488,24852,44.0,0.0
39488,3957,14.0,0.0
39488,16759,18.0,0.5
39488,4920,6.0,0.0
39488,43352,7.0,1.0
39488,46667,11.0,0.0
39488,41787,3.0,0.0
39488,16797,63.0,0.0
39488,21903,84.0,0.5
62027,21137,2.0,0.5
62027,13176,7.0,0.5
62027,39275,3.0,0.0
8782,13176,20.0,-1.0
8782,21903,30.0,-2.0
88654,39275,8.0,0.0
119383,41220,5.0,0.0
119383,8277,5.0,0.0
119383,45066,8.0,0.0
68182,21137,44.0,-1.0
68182,43154,3.0,0.0
68182,196,278.0,0.0
68182,13176,903.0,0.0
68182,6184,486.0,0.0
68182,16797,15.0,0.0
143964,14947,8.0,0.0
143964,24964,9.0,0.0
143964,8518,16.0,0.0
143964,44359,154.0,0.5
143964,47209,40.0,-1.0
143964,21903,14.0,0.0
143964,5077,5.0,0.0
143964,30391,21.0,-1.0
143964,13176,67.0,0.0
143964,30776,19.0,0.5
143964,28985,7.0,0.0
143964,19678,4.0,0.0
143964,41950,3.0,0.0
125538,26209,306.0,-9.0
125538,46979,37.0,-9.0
125538,34243,3.0,0.0
125538,5876,342.0,-7.0
125538,16759,66.0,-8.0
125538,22935,123.0,-13.0
125538,47209,513.0,-12.0
125538,45007,3.0,-1.0
16996,32689,24.0,0.0
16996,49235,10.0,0.0
16996,196,11.0,0.0
16996,12341,318.0,0.0
16996,16953,11.0,-1.0
16996,19660,19.0,-4.0
27238,26209,138.0,-8.0
27238,31553,22.0,1.0
27238,24964,82.0,-1.0
27238,5479,10.0,-1.0
27238,21288,21.0,0.0
27238,39275,9.0,0.5
27238,19660,62.0,0.0
27238,28204,12.0,0.0
27238,21709,3.0,0.0
27238,21903,195.0,-5.0
27238,9839,16.0,0.0
27238,42736,32.0,-2.5
27238,24852,219.0,-7.0
27238,8021,10.0,0.0
27238,47766,103.0,-12.0
27238,34358,9.0,0.0
27238,37687,11.0,0.0
27238,39928,6.0,0.5
184938,39275,13.0,0.0
184938,16797,13.0,0.0
35441,39408,20.0,-1.0
35441,19488,4.0,-1.0
35441,34050,48.0,-10.0
35441,20114,17.0,-2.0
35441,30450,5.0,-1.0
35441,49683,4.0,-1.0
35441,2120,16.0,-1.5
35441,43352,7.0,0.0
35441,45066,24.0,-0.5
35441,4605,108.0,-4.0
35441,16797,33.0,-1.0
88693,19057,23.0,-4.0
88693,13176,10.0,-2.0
121461,23288,4.0,0.0
88699,21137,5.0,0.0
88699,8277,10.0,0.0
88699,13176,5.0,0.0
160376,24852,21.0,0.0
160376,23734,9.0,0.0
78458,27104,20.0,1.5
78458,9076,10.0,0.0
78458,5077,20.0,1.0
78458,13176,13.0,2.0
45694,32864,2.0,0.5
45694,46979,6.0,0.5
45694,12341,15.0,0.0
45694,47766,2.0,0.5
45694,13176,9.0,0.5
162428,31553,10.0,-1.5
162428,40709,13.0,-2.0
162428,47141,2.0,-0.5
162428,30489,3.0,0.0
162428,28204,11.0,-1.0
162428,10957,6.0,-2.0
162433,49520,24.0,0.0
162433,24852,18.0,0.0
37510,9076,11.0,0.0
37510,40939,50.0,0.0
37510,16797,15.0,0.0
57990,25146,6.0,0.0
64134,27796,3.0,0.0
64134,35221,12.0,-1.0
64134,22935,10.0,-1.0
64134,5785,13.0,1.0
90771,196,111.0,0.0
90771,46149,12.0,0.0
90771,13176,131.0,0.0
109207,13575,5.0,0.0
109207,13176,12.0,0.0
109207,11759,34.0,0.0
127643,16797,9.0,-1.0
127643,32478,11.0,-2.0
74399,24852,36.0,0.0
74399,4920,69.0,0.0
74399,45007,17.0,0.0
199339,24964,73.0,0.0
199339,22935,55.0,0.0
199339,44632,18.0,0.0
199339,21709,11.0,0.0
195243,5025,3.0,0.0
195243,47766,4.0,0.0
10930,27104,39.0,0.0
10930,24852,80.0,-0.5
10930,2086,17.0,-1.0
10930,28985,175.0,0.5
10930,47209,58.0,-1.0
10930,47626,44.0,0.0
10930,41950,67.0,0.0
10930,27966,12.0,-1.0
78516,16759,8.0,0.0
135860,43352,9.0,0.0
139961,39408,2.0,0.5
139961,21376,2.0,0.5
139961,46979,7.0,1.0
139961,21288,4.0,0.0
139961,42265,8.0,0.0
139961,33129,4.0,0.0
139961,39275,51.0,0.0
139961,8859,6.0,0.5
139961,37067,3.0,0.0
139961,16797,23.0,0.0
139961,9839,15.0,0.0
111302,26209,15.0,0.0
111302,24852,15.0,0.0
111302,40709,5.0,-2.0
111302,28199,8.0,-5.0
111302,47626,15.0,0.0
111302,16797,16.0,-1.0
111302,4605,15.0,0.0
144079,4920,169.0,-5.0
144079,13176,71.0,-1.0
117454,21137,119.0,-1.0
117454,14947,23.0,-1.5
117454,13176,118.0,-1.0
117454,47209,191.0,0.0
117454,42265,68.0,0.0
117454,16797,20.0,0.0
117454,37646,9.0,0.0
86737,21137,565.0,-4.0
86737,43352,115.0,0.0
86737,6184,63.0,-1.0
86737,21288,145.0,-5.0
86737,42265,116.0,-4.0
86737,21903,158.0,-1.0
33491,34358,4.0,0.0
17109,8193,8.0,0.0
17109,19057,5.0,0.0
17109,18465,7.0,0.5
17109,24964,10.0,0.0
17109,31717,11.0,0.0
17109,13176,40.0,-7.0
17109,28204,18.0,-3.0
17109,19660,6.0,-2.0
17109,21903,42.0,-5.0
178900,21938,8.0,0.0
111321,24852,7.0,-2.0
111321,37687,5.0,-1.5
111321,4920,13.0,0.0
111321,4605,7.0,-2.0
113369,5025,103.0,0.0
113369,17794,55.0,0.0
113369,46979,90.0,-1.0
113369,8518,38.0,-0.5
113369,47209,148.0,-4.0
113369,28842,166.0,0.0
113369,9387,5.0,0.0
113369,29487,192.0,-6.0
113369,21137,246.0,0.0
113369,20114,153.0,-8.0
113369,24852,951.0,-9.0
113369,2966,5.0,-1.0
113369,22935,37.0,0.0
113369,16797,286.0,-5.0
113369,4605,274.0,0.0
137956,21903,41.0,0.0
76518,21616,10.0,0.0
76518,21137,27.0,0.0
76518,19057,16.0,0.0
76518,22935,13.0,0.0
76518,30391,17.0,1.0
76518,47209,17.0,0.5
76518,42585,2.0,0.5
27370,38768,85.0,-1.0
70380,49683,5.0,-1.0
70380,42265,3.0,0.0
70380,28204,10.0,0.0
27380,24489,17.0,0.0
27380,22825,5.0,0.0
27380,39275,139.0,-3.0
27380,46667,90.0,-4.0
27380,19660,82.0,-3.0
27380,26604,13.0,-1.0
27380,21903,316.0,-15.0
27380,21616,68.0,0.0
27380,21137,334.0,-11.0
27380,5876,44.0,-1.0
27380,26165,31.0,-2.5
27380,38293,27.0,-2.5
27380,8277,13.0,-3.0
27380,2966,11.0,-2.0
27380,16759,28.0,-0.5
27380,13176,174.0,-2.5
27380,28985,12.0,0.0
27380,42585,17.0,-2.5
27380,27325,9.0,-13.0
84728,21137,22.0,-4.0
84728,8193,10.0,0.0
84728,34050,190.0,-6.0
84728,47766,43.0,-6.0
84728,43352,41.0,0.0
84728,21288,36.0,0.0
84728,47626,27.0,-3.0
84728,26604,8.0,-1.0
84728,16797,45.0,-1.0
84728,27966,110.0,-1.0
178946,4920,24.0,0.0
180998,21137,10.0,0.0
180998,12341,18.0,0.0
180998,13176,18.0,0.0
180998,21903,22.0,0.0
47877,12916,7.0,0.0
74511,21573,47.0,-1.0
74511,21288,134.0,-4.0
74511,33000,146.0,-3.5
74511,6184,170.0,-6.0
74511,35561,169.0,-1.0
74511,39275,594.0,-25.5
74511,21903,403.0,-23.0
74511,9839,25.0,0.0
74511,11759,62.0,-0.5
74511,21137,401.0,-21.5
74511,12341,400.0,-17.5
74511,43352,679.0,-12.0
74511,42265,97.0,-1.0
74511,890,45.0,-1.0
74511,8859,41.0,-2.0
94991,196,3.0,-2.0
94991,39993,4.0,0.0
117525,35561,10.0,0.0
131861,31683,7.0,0.0
131861,24852,113.0,-2.0
131861,9076,37.0,0.0
131861,42356,23.0,-1.0
131861,28199,14.0,-2.0
131861,46842,46.0,-6.0
131861,39275,39.0,-2.0
131861,26604,22.0,0.0
131861,16797,113.0,-4.0
131861,27966,3.0,0.0
29464,24852,25.0,0.0
29464,24184,25.0,0.0
113434,26209,6.0,0.5
113434,46979,18.0,1.0
113434,47626,6.0,0.5
146204,22802,8.0,0.0
45855,16759,10.0,0.0
45855,47626,25.0,0.0
45855,45066,9.0,0.0
172834,16759,38.0,0.0
172834,30391,15.0,-4.0
160549,12341,29.0,0.0
160549,16797,17.0,0.0
158504,15290,12.0,0.0
6957,28842,4.0,0.0
123694,23909,4.0,0.0
123694,22825,5.0,0.0
123694,45066,244.0,-6.0
123694,9387,27.0,-0.5
123694,26604,61.0,0.0
123694,39408,9.0,0.0
123694,21137,93.0,-7.0
123694,24852,114.0,0.0
123694,8277,33.0,0.0
123694,4920,85.0,-7.0
123694,39928,30.0,0.0
123694,46906,65.0,-5.0
123694,41787,7.0,-3.0
195378,43154,10.0,0.0
195378,13176,37.0,0.0
195378,35561,11.0,0.0
60216,39275,16.0,0.0
47931,34969,7.0,0.0
47931,44142,74.0,-3.0
189244,8571,10.0,0.0
107329,42768,3.0,-1.0
107329,19057,17.0,-3.0
107329,2086,7.0,0.0
107329,46667,19.0,-4.0
107329,19660,13.0,-2.0
107329,33198,10.0,-3.0
129856,47766,3.0,0.0
129856,47626,3.0,0.0
129856,29487,12.0,0.0
197456,13176,40.0,0.0
64340,34050,15.0,-1.0
64340,39993,15.0,-1.0
64340,28842,21.0,-1.0
64340,40332,7.0,0.0
64340,4605,5.0,0.0
197461,21903,7.0,0.0
119648,26209,7.0,0.0
119648,24852,12.0,0.0
119648,4920,5.0,0.0
133999,21195,7.0,0.0
39796,24964,20.0,0.0
27519,21137,4.0,0.0
27519,13176,10.0,-2.5
27519,45066,29.0,-5.5
27519,28204,5.0,-1.0
27520,21137,135.0,0.0
27520,21288,118.0,0.0
27520,13176,73.0,0.0
27520,43352,59.0,0.0
27520,18441,10.0,0.0
27520,5258,72.0,-1.0
27520,39275,179.0,0.0
27520,30827,39.0,-2.0
27520,21292,20.0,0.0
199552,3957,14.0,0.0
131974,4210,4.0,-2.0
131974,34358,3.0,0.0
19335,8518,46.0,-4.0
109453,46979,17.0,0.0
109453,47766,4.0,-1.0
109453,10749,8.0,-3.0
109453,44142,6.0,0.0
109453,37646,3.0,0.0
109453,21903,4.0,-1.0
146319,27344,9.0,0.0
146319,21616,9.0,0.0
146319,28993,17.0,0.0
146319,21137,8.0,2.0
146319,30450,9.0,-1.0
146319,25890,3.0,0.0
146319,46979,17.0,0.0
146319,24852,13.0,1.5
146319,12341,50.0,0.0
146319,47766,17.0,2.5
23447,30391,15.0,0.0
23447,28985,4.0,0.0
23447,21709,10.0,0.0
23447,9839,5.0,-2.0
39837,5025,19.0,-1.0
39837,260,13.0,0.0
39837,5077,6.0,0.0
39837,34358,4.0,0.0
39837,41290,7.0,0.0
39837,28204,22.0,0.0
39837,44142,13.0,0.0
39837,29487,7.0,0.0
45981,21137,715.0,0.0
45981,13176,181.0,0.0
45981,5258,228.0,0.0
179103,25466,6.0,0.0
201642,16797,59.0,-1.0
168882,21137,25.0,0.0
168882,43154,128.0,0.0
168882,43352,19.0,0.0
168882,6184,8.0,0.0
168882,39275,13.0,0.0
168882,44683,3.0,0.0
60338,43122,45.0,0.5
60338,46979,15.0,-0.5
60338,5876,100.0,-1.0
60338,37687,6.0,0.0
60338,13176,70.0,-4.5
60338,47209,21.0,0.0
60338,42701,13.0,-1.0
89011,34050,2.0,-0.5
5046,196,10.0,0.0
5046,24852,10.0,-5.0
5046,5077,21.0,0.0
5046,5450,3.0,-2.0
5046,9387,17.0,-6.0
5046,28204,5.0,0.0
5046,10957,6.0,0.0
193465,21137,121.0,-2.0
193465,43154,30.0,-3.0
193465,13176,17.0,-1.0
193465,39275,88.0,-3.0
29635,21137,13.0,-1.0
29635,890,17.0,1.0
29635,30827,5.0,0.0
29635,14715,5.0,0.0
29635,35951,10.0,-1.0
82885,27344,11.0,0.0
82885,21137,108.0,-1.0
82885,17794,15.0,-1.0
82885,260,23.0,0.0
82885,3957,104.0,-1.0
82885,4920,8.0,-1.0
82885,42265,8.0,0.0
82885,28204,76.0,-5.5
82885,21903,183.0,-1.0
175046,24852,8.0,0.0
140239,26209,16.0,0.0
140239,260,6.0,-1.5
140239,5077,13.0,-1.0
140239,23909,5.0,-1.0
140239,16953,11.0,0.0
140239,6187,3.0,0.0
140239,38444,16.0,-1.0
140239,28204,5.0,0.0
140239,29487,20.0,-4.0
21454,13176,29.0,0.0
21454,23288,3.0,0.0
21454,47626,15.0,0.0
21454,18362,5.0,0.0
21454,29487,23.0,0.0
113621,12341,259.0,-2.0
148447,24964,7.0,0.0
148447,47766,24.0,-1.5
148447,10749,4.0,0.0
37863,890,7.0,0.0
37863,16797,14.0,0.0
56300,24852,44.0,-1.0
56300,45066,18.0,0.0
187380,19660,4.0,0.0
62455,4920,35.0,0.0
62455,33198,2.0,0.5
203772,48679,25.0,-0.5
203772,13176,130.0,-4.5
203772,47209,83.0,-4.5
203772,34969,62.0,-6.0
203772,42585,32.0,-2.5
203772,28204,75.0,-5.0
203772,41950,17.0,0.0
203772,45007,18.0,0.0
44032,5025,12.0,0.0
181248,27966,22.0,0.0
70662,27344,9.0,-1.0
70662,11777,2.0,0.5
70662,41220,16.0,0.5
70662,22935,40.0,0.0
70662,44359,77.0,0.0
70662,13176,8.0,0.0
70662,47209,25.0,0.0
70662,34126,13.0,0.5
173081,49520,8.0,-1.0
173081,24852,100.0,0.0
173081,35221,4.0,0.0
173081,23734,6.0,0.0
173081,16953,22.0,0.0
173081,47626,6.0,0.0
173081,4605,59.0,0.0
187422,32689,66.0,-1.0
187422,43154,35.0,-2.0
187422,196,73.0,0.0
187422,12916,5.0,0.0
187422,13176,198.0,-1.0
187422,43352,10.0,0.0
187422,30827,38.0,0.0
187422,39275,14.0,0.0
123941,38768,2.0,0.5
123941,10673,13.0,0.0
123941,5077,10.0,0.0
123941,26604,9.0,0.0
173095,21137,29.0,-2.0
173095,47766,18.0,0.0
173095,13176,33.0,-2.0
52262,26209,197.0,-1.0
52262,34243,12.0,0.0
52262,24964,67.0,0.0
52262,27845,3.0,0.0
52262,47209,42.0,-1.0
52262,18441,2.0,0.5
52262,47626,237.0,-1.0
52262,9387,6.0,0.0
52262,21709,40.0,-1.0
52262,21903,80.0,0.0
52262,20114,19.0,0.0
52262,24852,140.0,-1.0
52262,44632,65.0,-3.5
52262,18362,17.0,0.5
52262,24830,4.0,0.0
117801,9076,25.0,0.0
117801,5077,8.0,0.0
152625,196,57.0,0.0
152625,13176,18.0,0.0
171060,21938,20.0,-1.0
171060,35914,6.0,-0.5
156731,196,39.0,0.0
156731,13176,20.0,0.0
54339,43154,209.0,-3.0
54339,196,4.0,0.0
54339,46149,8.0,0.0
68679,19057,8.0,-1.0
68679,8021,4.0,0.0
68679,2086,8.0,-1.0
68679,30391,14.0,-1.0
68679,25466,6.0,0.0
15432,21288,8.0,0.0
15432,5258,6.0,-1.0
132175,10673,2.0,0.5
132175,31506,19.0,-2.0
31829,5077,24.0,0.0
31829,13176,66.0,0.0
31829,34969,13.0,0.0
31829,16797,57.0,0.0
85084,35561,21.0,0.0
152671,8048,7.0,0.0
152671,21137,407.0,-5.0
152671,31506,19.0,-5.0
152671,22802,19.0,-5.0
152671,12341,18.0,-1.0
152671,46149,16.0,0.0
152671,13176,1823.0,-7.0
152671,43352,255.0,-2.0
152671,33768,9.0,-1.0
152671,42265,42.0,-1.0
152671,30827,6.0,-1.0
152671,16797,76.0,-4.0
167011,32689,6.0,0.0
167011,30827,8.0,0.0
167011,21903,16.0,0.0
83047,26209,382.0,-6.0
83047,31553,8.0,0.0
83047,33065,49.0,-0.5
83047,41290,177.0,-5.0
83047,47626,135.0,-8.0
83047,48205,85.0,-3.0
83047,44142,224.0,-7.5
83047,20114,180.0,-5.0
83047,21938,113.0,-1.0
83047,10132,48.0,10.0
83047,24184,92.0,-3.0
83047,13176,329.0,-8.0
83047,16953,69.0,-2.0
83047,43961,131.0,0.0
83047,25146,155.0,-4.0
83047,41787,93.0,-0.5
121961,11777,4.0,-1.0
121961,17794,10.0,0.0
121961,46979,23.0,0.0
121961,24964,10.0,-1.0
121961,44359,51.0,-3.0
121961,45066,22.0,-10.0
121961,46667,17.0,-1.0
121961,34126,13.0,-0.5
121961,21137,22.0,-3.0
121961,49683,13.0,-1.0
121961,8277,9.0,0.0
121961,5077,8.0,-2.0
121961,22935,18.0,0.0
121961,14233,10.0,0.5
121961,16797,45.0,-1.0
121961,19678,12.0,0.0
121961,27104,16.0,-3.0
121961,48679,5.0,-1.0
121961,47209,22.0,-0.5
121961,21616,6.0,-2.0
121961,19057,4.0,-1.0
121961,9076,2.0,0.5
121961,30391,28.0,-2.0
121961,16759,12.0,-1.0
121961,39928,19.0,-0.5
121961,38456,5.0,-1.5
121961,46906,14.0,-2.0
121961,25146,4.0,0.0
121961,27966,5.0,0.0
199793,5876,30.0,0.0
199793,34969,7.0,0.0
199793,44142,9.0,0.0
187505,13176,70.0,0.0
187505,21288,42.0,0.0
187505,16797,54.0,0.0
66678,45603,5.0,0.5
66678,44359,6.0,0.0
66678,30776,5.0,0.5
66678,46667,2.0,0.5
111734,8193,45.0,0.0
111734,17794,27.0,-1.0
111734,24964,813.0,-117.5
111734,39877,42.0,-33.0
111734,44359,38.0,-1.0
111734,47626,3024.0,-212.5
111734,46667,80.0,-20.5
111734,19660,242.0,-7.5
111734,42701,10.0,-1.0
111734,37646,664.0,-97.0
111734,34126,27.0,-3.0
111734,21903,2109.0,-122.5
111734,14992,461.0,-32.0
111734,46802,36.0,-10.5
111734,49683,2642.0,-92.0
111734,22035,2.0,-1.5
111734,24852,6755.0,-392.5
111734,47766,4886.0,-244.5
111734,22935,308.0,-45.0
111734,42265,67.0,-6.0
111734,34969,80.0,-12.0
111734,30489,331.0,-35.0
111734,26209,1893.0,-159.0
111734,31717,497.0,-48.5
111734,48679,70.0,-1.0
111734,8424,7.0,0.0
111734,11182,404.0,-10.0
111734,8174,2.0,0.5
111734,39408,542.0,-36.0
111734,26165,446.0,-14.5
111734,43961,197.0,-30.5
117881,23734,3.0,-3.0
89208,4920,59.0,0.0
89208,16797,98.0,0.0
68733,21573,21.0,-2.0
68733,13575,30.0,0.0
68733,13176,27.0,-1.0
68733,6184,9.0,0.0
68733,37710,4.0,0.0
119936,47672,24.0,0.0
119936,39275,5.0,0.0
50311,21137,20.0,0.0
50311,33000,15.0,0.0
50311,42265,5.0,0.0
50311,21903,38.0,0.0
124043,39408,55.0,0.0
124043,17122,43.0,0.0
124043,196,401.0,0.5
124043,46149,76.0,0.0
124043,6184,267.0,0.5
124043,9387,17.0,0.0
124049,30391,16.0,0.0
124049,42265,8.0,0.0
191635,39408,31.0,-2.0
191635,13575,11.0,-2.0
191635,4920,25.0,-1.0
191635,21195,10.0,-1.0
181398,24852,146.0,0.5
181398,47766,115.0,0.5
181398,2086,22.0,0.0
181398,47209,27.0,-2.0
181398,37067,5.0,-1.0
74900,28993,5.0,0.0
74900,49683,18.0,0.0
74900,24852,32.0,-2.0
74900,28204,2.0,0.5
58531,21137,36.0,-12.0
58531,196,157.0,-12.0
58531,12341,361.0,-24.0
58531,21288,93.0,-4.0
58531,43352,135.0,-10.0
58531,13176,168.0,-25.0
105637,38928,8.0,0.0
105637,196,52.0,-0.5
105637,46149,16.0,1.0
105637,13176,60.0,0.0
105637,6184,11.0,0.0
124069,26209,174.0,0.0
124069,31683,43.0,0.0
124069,4920,18.0,-1.0
124069,29487,92.0,0.0
31911,24852,21.0,2.0
31911,47144,6.0,1.5
31911,9387,26.0,1.5
31911,6187,4.0,1.0
27823,260,15.0,0.0
27823,13176,13.0,-1.0
27823,37067,7.0,0.0
62643,27104,28.0,-0.5
62643,25890,33.0,0.5
62643,31683,52.0,-4.0
62643,46979,18.0,0.0
62643,28199,14.0,-1.0
62643,22825,19.0,-1.0
62643,39275,100.0,-6.5
62643,651,7.0,0.0
62643,33198,14.0,-0.5
62643,8174,7.0,-3.0
62643,21903,65.0,-3.0
62643,19057,8.0,0.0
62643,46802,7.0,-1.0
62643,38293,42.0,-2.0
62643,8021,10.0,0.0
62643,8859,8.0,-0.5
199863,21137,200.0,0.0
199863,30489,15.0,0.0
199863,21903,240.0,0.0
128191,24852,13.0,-0.5
128191,18362,46.0,0.0
128191,21709,8.0,0.0
128191,27086,6.0,-0.5
91329,24852,24.0,-3.0
91329,28842,29.0,-1.0
91329,4605,16.0,-2.0
91329,11182,2.0,-1.5
7362,27104,15.0,0.0
7362,24852,6.0,0.0
72905,24852,8.0,-1.0
66765,13176,8.0,0.0
122068,5077,2.0,0.5
122068,21709,3.0,0.0
175316,13176,5.0,-1.0
175316,43961,11.0,0.0
175316,19660,5.0,-1.0
175316,10749,8.0,0.0
175322,31553,12.0,-1.0
175322,31506,9.0,0.0
175322,14947,96.0,-1.0
175322,24852,162.0,-3.0
175322,5077,78.0,-4.0
175322,34358,3.0,0.0
175322,16953,46.0,-1.5
175322,43961,43.0,-4.0
175322,10957,100.0,-2.0
5344,24852,7.0,0.0
66802,21137,39.0,-1.0
66802,24964,30.0,0.0
66802,13176,18.0,0.0
152827,5876,11.0,-1.0
70908,38768,11.0,0.0
70908,38928,2.0,0.5
70908,9076,7.0,0.0
70908,13176,21.0,0.0
70908,44683,9.0,0.0
70908,16797,22.0,0.0
70908,9839,6.0,0.0
173311,12341,115.0,0.0
173311,46149,33.0,0.0
173311,43352,57.0,0.0
173311,13176,57.0,0.0
173311,42265,24.0,0.0
173311,20955,9.0,-2.0
173311,16797,38.0,0.0
175361,27104,23.0,-6.0
175361,24964,83.0,-11.5
175361,39877,8.0,-1.0
175361,31717,8.0,-1.0
175361,44359,33.0,-1.0
175361,47209,7.0,0.0
175361,18441,6.0,-2.0
175361,46667,43.0,-6.0
175361,21137,95.0,-2.0
175361,19057,15.0,0.0
175361,31506,13.0,-1.0
175361,24852,8.0,0.0
175361,8277,53.0,-6.0
175361,22935,28.0,0.0
175361,1463,3.0,-3.0
175361,42265,4.0,0.0
175361,27966,6.0,0.0
9476,24838,8.0,-1.0
9476,29447,3.0,-9.0
9476,18441,4.0,-2.0
9476,26604,7.0,0.0
9476,32655,18.0,0.0
9476,9839,2.0,0.5
50437,40939,4.0,0.0
19719,31553,7.0,0.0
19719,40706,9.0,-2.0
19719,41220,8.0,0.5
19719,30391,13.0,-2.0
19719,13176,23.0,0.0
19719,44632,36.0,-5.0
19719,34969,3.0,0.0
19719,35898,14.0,0.5
19719,44142,2.0,0.5
19719,9839,3.0,0.0
34055,31683,3.0,0.0
175378,31683,2.0,0.5
175378,40199,3.0,0.0
101652,28985,66.0,-1.0
7453,8048,46.0,0.0
7453,3298,2.0,-0.5
7453,12341,130.0,-8.0
7453,43352,97.0,-4.0
7453,21288,97.0,-1.0
7453,5258,72.0,-1.0
7453,30827,11.0,0.0
7453,40939,4.0,0.0
7453,16797,52.0,-2.0
7453,27966,8.0,0.0
7453,21903,96.0,0.0
7453,11759,9.0,0.0
136487,21195,5.0,-1.0
105767,24852,10.0,0.0
105767,44632,16.0,-1.0
105767,30489,23.0,0.0
70952,5077,11.0,0.0
169260,21616,15.0,-1.0
169260,27521,4.0,-1.0
169260,21938,8.0,-1.0
169260,5876,11.0,0.0
169260,44359,12.0,0.0
169260,22935,10.0,0.0
169260,48679,8.0,0.0
169260,18362,6.0,0.0
169260,19660,5.0,0.0
165165,44632,2.0,0.5
165165,21709,4.0,1.0
202039,13176,27.0,0.5
202039,26604,33.0,-0.5
202039,42828,5.0,-1.0
202039,27966,50.0,-3.0
118078,43352,41.0,0.0
118078,13176,34.0,0.0
118078,39275,16.0,0.0
163139,24852,15.0,0.0
163139,39877,15.0,0.0
163139,2086,8.0,0.0
163139,22935,63.0,-3.5
163139,16759,11.0,0.0
163139,48679,5.0,0.0
163139,44359,6.0,0.5
163139,38456,3.0,0.0
163139,47626,2.0,-0.5
163139,26604,25.0,0.0
163139,27966,47.0,-2.5
163139,45007,2.0,-0.5
38214,21137,11.0,0.0
38214,30391,12.0,0.0
38214,44359,7.0,0.0
38214,13176,11.0,-1.0
38214,47626,40.0,-1.0
19785,24852,19.0,0.0
19785,7751,10.0,0.0
91464,38768,4.0,0.0
91464,12341,21.0,0.0
91464,39275,20.0,0.0
130381,196,11.0,0.0
130381,6184,57.0,0.0
130381,39275,19.0,0.0
130381,40939,23.0,0.0
159053,13176,10.0,0.0
159053,6184,10.0,0.0
159053,35561,86.0,-9.0
159053,20955,42.0,-2.0
159053,21292,5.0,0.0
159053,16797,6.0,-1.0
159053,11759,31.0,0.0
60759,39408,21.0,-2.0
60759,31506,5.0,0.0
60759,20114,3.0,-1.0
60759,24852,42.0,-3.0
60759,16953,28.0,0.0
60759,47626,16.0,0.0
60759,28204,15.0,-2.0
197983,9076,9.0,0.0
197983,34969,10.0,0.0
124256,26209,16.0,0.0
120182,49683,9.0,1.0
120182,24852,31.0,-3.0
120182,39108,16.0,0.0
120182,5782,28.0,0.0
120182,47626,8.0,2.0
120182,28204,33.0,-6.5
200063,38768,13.0,0.0
62846,432,10.0,0.0
62846,21137,27.0,0.0
62846,49683,9.0,0.0
62846,24964,46.0,-1.0
62846,24852,9.0,0.0
62846,2966,8.0,0.0
62846,8518,4.0,0.0
62846,22935,87.0,-1.0
62846,13176,38.0,-1.0
62846,21903,44.0,-1.0
28032,21137,87.0,0.0
28032,31506,19.0,0.0
28032,21288,90.0,-3.0
28032,13176,69.0,0.0
28032,43352,78.0,0.0
28032,890,26.0,0.0
28032,39275,73.0,0.0
28032,16797,138.0,0.0
28032,9839,14.0,0.0
136579,28993,21.0,0.0
136579,49683,4.0,0.0
136579,24852,39.0,0.0
136579,196,10.0,0.0
136579,27796,8.0,-1.0
136579,30391,20.0,0.0
136579,7751,10.0,0.0
136579,47144,18.0,-2.0
136579,34969,32.0,0.0
136579,16953,33.0,-1.0
107910,31553,6.0,0.0
107910,31506,19.0,-1.0
107910,17794,11.0,0.0
107910,24964,44.0,0.0
107910,12341,225.0,-1.0
107910,16759,20.0,0.0
107910,13176,1042.0,0.0
107910,25466,4.0,0.0
185738,39408,5.0,0.0
185738,49235,7.0,0.5
148872,24852,6.0,0.0
148872,12916,5.0,0.0
13709,43352,56.0,-4.0
13709,8571,27.0,-2.0
187798,19057,8.0,0.0
187798,21137,8.0,0.0
187798,37646,8.0,0.0
54679,5258,11.0,0.0
54679,16797,43.0,0.0
71071,32689,13.0,0.0
71071,30489,8.0,0.0
30112,21137,137.0,-3.0
30112,13575,11.0,0.0
30112,39275,102.0,-4.0
103845,21137,56.0,-1.0
103845,31553,2.0,-3.5
103845,14233,52.0,0.0
103845,19660,6.0,-4.0
185766,26209,50.0,-2.0
185766,46979,79.0,-3.0
185766,28204,183.0,-2.0
185766,26604,101.0,0.0
185766,16797,43.0,-1.0
185766,43789,12.0,-1.0
185766,11182,7.0,0.0
185766,21903,20.0,0.0
105897,8193,9.0,-1.0
105897,39877,63.0,-1.0
105897,45066,9.0,-0.5
105897,47626,4.0,0.0
105897,19660,14.0,-1.0
105897,21137,181.0,-5.5
105897,21938,9.0,0.0
105897,49683,20.0,-1.0
105897,49235,12.0,-1.5
105897,47766,103.0,1.0
105897,30391,30.0,0.0
105897,13176,25.0,0.0
105897,4920,15.0,-0.5
105897,10749,21.0,-0.5
105897,27966,78.0,0.0
26028,8193,6.0,0.0
26028,24184,20.0,-1.0
101806,31683,5.0,0.0
120241,43352,9.0,0.0
130489,8048,32.0,0.0
130489,38768,37.0,0.0
130489,21137,104.0,0.0
130489,13176,93.0,0.0
130489,33000,40.0,0.0
130489,23288,44.0,-1.0
130489,43352,3.0,-1.0
130489,8571,67.0,0.0
130489,30827,14.0,0.0
130489,39275,12.0,0.0
130489,16797,85.0,0.0
130489,21903,14.0,0.0
56776,33000,2.0,0.5
163275,21137,573.0,0.0
163275,22802,35.0,-4.0
163275,12341,6.0,0.0
163275,21288,59.0,-2.0
163275,43352,41.0,0.0
163275,16797,45.0,0.0
163275,21903,6.0,0.0
28108,25588,6.0,0.0
28108,43352,20.0,0.0
28108,33768,6.0,0.0
77262,49683,6.0,-1.0
77262,46906,29.0,-1.0
77262,27966,7.0,-1.0
165325,33120,2.0,0.5
165325,25890,12.0,0.0
165325,24852,15.0,0.0
165325,47626,4.0,0.0
1493,27344,7.0,-1.0
1493,26209,30.0,0.0
1493,40706,8.0,0.0
1493,46979,7.0,0.0
1493,33198,14.0,-1.0
1493,19678,11.0,0.0
24023,27521,14.0,0.0
24023,20995,18.0,0.0
24023,8518,24.0,0.0
24023,44359,201.0,-13.5
24023,47209,111.0,-11.5
24023,19660,479.0,-31.5
24023,26604,8.0,-6.0
24023,21903,320.0,-5.5
24023,32655,15.0,0.0
24023,21137,71.0,-5.0
24023,5876,53.0,-5.0
24023,12341,208.0,-1.0
24023,8021,48.0,-1.0
24023,13176,279.0,-31.5
24023,42265,133.0,-14.0
24023,17948,6.0,0.0
24023,27966,168.0,-25.0
132575,3957,9.0,0.0
132575,30391,2.0,0.5
132575,13176,25.0,0.5
132575,4920,44.0,0.0
132575,47209,15.0,0.0
132575,20842,12.0,0.0
179677,31683,9.0,0.0
5608,10673,3.0,0.0
5608,46842,9.0,0.0
13805,33768,9.0,0.0
101873,39408,9.0,0.0
28159,40706,14.0,-6.5
28159,47209,545.0,-30.0
28159,18441,12.0,-4.0
28159,5258,225.0,-1.5
28159,6187,37.0,-1.0
28159,19660,446.0,-14.5
28159,37646,217.0,-35.5
28159,35951,406.0,-42.0
28159,21137,1775.0,-40.0
28159,19057,252.0,-0.5
28159,35921,17.0,-1.5
28159,46802,6.0,-1.0
28159,30391,296.0,-25.5
28159,13176,1949.0,-59.0
28159,41950,61.0,0.0
155139,26209,523.0,-9.0
155139,25890,52.0,0.0
155139,24852,781.0,-7.5
155139,35221,27.0,-1.5
155139,47766,345.0,-1.0
155139,7751,10.0,0.0
155139,4920,139.0,-3.0
155139,47626,245.0,0.5
155139,46906,58.0,-3.0
155139,21903,247.0,0.0
83470,40199,31.0,0.0
83470,16797,60.0,-4.0
15888,35951,5.0,0.0
140819,17794,8.0,0.0
140819,5876,118.0,-6.0
140819,3957,112.0,-2.5
140819,8277,60.0,-0.5
140819,22935,239.0,-11.0
140819,48679,94.0,-17.0
140819,23288,10.0,-4.0
140819,47209,44.0,-8.5
140819,45066,30.0,-1.0
140819,21386,10.0,-2.0
140819,45007,83.0,-1.0
97815,21137,9.0,0.0
97815,37646,5.0,0.0
194068,30827,4.0,0.0
194068,14715,3.0,0.0
81430,46979,80.0,-2.0
81430,38739,20.0,0.0
81430,4920,8.0,-1.0
81430,29487,100.0,-2.0
60953,32689,13.0,0.0
60953,43154,128.0,0.0
114200,8048,10.0,0.0
114200,37687,4.0,0.0
114200,5258,6.0,0.0
114200,21292,5.0,0.0
114200,16797,14.0,0.0
48667,5077,206.0,0.0
114209,24852,57.0,0.0
198176,31683,3.0,0.0
52776,6184,21.0,-1.0
52776,16953,35.0,-2.0
161328,14947,7.0,0.0
183869,21616,6.0,0.0
183869,46979,11.0,0.0
9798,21616,2.0,0.5
9798,17794,11.0,0.0
9798,24964,43.0,-1.0
9798,35108,14.0,-0.5
9798,23288,19.0,0.0
9798,46654,6.0,-1.0
11847,40706,53.0,-1.0
11847,2086,7.0,-2.0
11847,14233,59.0,0.0
11847,39275,217.0,-2.0
11847,16797,42.0,0.0
124492,26209,148.0,-5.5
124492,31553,4.0,0.0
124492,20114,4.0,-1.0
124492,47766,37.0,1.0
124492,34969,10.0,0.0
124492,28842,56.0,-8.0
124492,4605,13.0,-1.0
194127,26209,9.0,0.0
9806,21137,16.0,0.0
9806,49235,34.0,0.0
9806,196,11.0,-2.0
9806,9076,16.0,-2.0
9806,12341,10.0,0.0
9806,39275,69.0,-4.0
9806,16797,106.0,-4.0
9806,35951,21.0,-2.0
9806,11759,21.0,-1.0
130638,41844,3.0,0.0
81497,21137,41.0,-1.0
81497,5876,176.0,-6.0
81497,24852,142.0,-2.0
81497,22935,9.0,0.0
81497,24184,24.0,0.0
81497,43961,15.0,0.0
81497,42265,6.0,-1.0
81497,16797,180.0,0.0
157272,24852,1090.0,0.0
83549,25588,7.0,0.0
34398,21616,5.0,-1.0
46690,13176,8.0,0.0
46690,6184,8.0,0.0
194151,42768,2.0,0.5
194151,49683,2.0,0.5
194151,47209,8.0,0.0
194151,47626,7.0,0.5
194151,46667,11.0,1.0
194151,26604,3.0,0.0
194151,37646,12.0,-1.0
20073,26209,25.0,0.0
20073,22935,6.0,0.0
20073,30489,8.0,0.0
20073,43961,8.0,0.0
30316,196,218.0,0.0
120436,13176,27.0,0.0
173684,5258,11.0,-1.0
173684,16797,14.0,-1.0
149114,26620,3.0,0.0
40583,27344,5.0,0.0
40583,45007,14.0,0.0
13960,24852,9.0,0.5
13960,39108,5.0,0.5
13960,5077,7.0,0.0
13960,22935,57.0,-1.0
13960,24184,14.0,0.5
13960,13176,34.0,-1.0
13960,34969,8.0,0.0
13960,28842,12.0,-1.0
13960,26604,34.0,0.0
13960,28204,14.0,0.0
7821,24852,17.0,-2.0
7821,4920,26.0,-3.0
7821,28842,63.0,0.0
7821,47626,15.0,0.0
7821,28204,37.0,0.0
7821,29487,31.0,0.0
65172,40706,34.0,0.0
65172,24964,227.0,0.5
65172,47209,417.0,-16.5
65172,39275,135.0,-1.0
65172,46667,99.0,-4.0
65172,44683,20.0,0.0
65172,37067,7.0,0.0
65172,33198,185.0,-5.0
65172,34126,73.0,0.0
65172,45007,77.0,-3.0
65172,19057,26.0,-6.0
65172,22963,25.0,-1.0
65172,5876,340.0,-4.0
65172,8021,47.0,0.0
65172,16759,71.0,0.0
65172,13176,540.0,-11.0
65172,39928,11.0,0.0
71319,47977,8.0,0.0
3738,49683,8.0,0.5
3738,13176,16.0,0.5
3738,28985,2.0,0.5
3738,24830,4.0,1.0
140958,17794,6.0,0.0
140958,24852,206.0,0.0
140958,35108,3.0,0.0
140958,2086,8.0,0.0
140958,8518,3.0,0.0
140958,34969,31.0,0.0
140958,47626,239.0,0.0
140958,28204,19.0,0.0
140958,21903,127.0,0.0
52893,16797,14.0,0.0
63141,10957,22.0,0.0
63141,16797,12.0,0.0
198315,20114,4.0,0.0
155315,25890,21.0,0.0
155315,47766,50.0,0.0
155315,47626,67.0,0.0
155315,21903,119.0,0.0
122547,4605,5.0,0.0
93874,26209,45.0,0.0
93874,5876,69.0,0.0
93874,41220,23.0,0.0
93874,27156,6.0,0.0
93874,44359,58.0,0.0
93874,44632,149.0,0.0
93874,4920,49.0,0.0
93874,10749,43.0,0.0
93874,4605,14.0,0.0
93874,21903,137.0,0.0
198327,21137,51.0,-3.0
198327,40199,50.0,-3.0
198327,13176,67.0,-3.0
198327,21288,29.0,0.0
198327,4920,33.0,-1.0
91830,22802,14.0,0.0
63161,19057,25.0,0.0
63161,21137,7.0,0.0
11965,19660,8.0,0.0
40647,4920,13.0,0.0
14031,44632,5.0,0.0
14031,8859,89.0,-3.0
114388,21616,10.0,0.0
106198,24852,8.0,0.0
106198,44142,5.0,0.0
194261,38768,2.0,0.5
194261,30827,14.0,0.0
194261,21292,7.0,0.0
194261,21903,4.0,0.0
91867,46979,5.0,0.0
91867,5077,8.0,0.0
194264,24852,66.0,0.0
194264,28842,48.0,0.0
194264,28204,11.0,0.0
122591,5258,24.0,0.0
204525,42768,10.0,0.0
204525,49520,7.0,0.0
204525,19057,8.0,0.0
204525,9076,10.0,0.0
204525,47766,10.0,0.0
204525,44632,39.0,0.0
204525,43961,5.0,0.5
204525,19660,24.0,0.0
204525,21903,43.0,-1.0
104174,21137,24.0,-1.0
104174,14947,10.0,-1.0
104174,23375,3.0,0.0
175856,24852,9.0,0.0
175856,29487,7.0,0.0
163573,22963,10.0,0.0
163573,44359,44.0,0.0
163573,30391,18.0,-1.0
163573,23288,15.0,0.0
188154,43295,9.0,0.0
177915,19057,5.0,0.0
177915,3957,5.0,0.0
75516,13176,40.0,0.0
14089,39408,6.0,-1.0
14089,14947,205.0,0.0
14089,24852,68.0,-0.5
14089,35221,594.0,-2.5
14089,39877,6.0,0.0
14089,44632,941.0,-3.5
14089,22825,3.0,0.0
14089,37067,25.0,4.0
14089,26620,205.0,0.0
14089,28204,32.0,-1.5
14089,21709,625.0,-4.0
155403,21288,10.0,0.0
155403,30827,6.0,0.0
155403,9839,30.0,-1.0
155403,8048,10.0,0.0
155403,21137,45.0,-1.0
155403,22802,4.0,1.0
155403,27156,12.0,0.0
155403,23288,7.0,0.0
155403,41400,4.0,0.0
155403,42265,22.0,-1.0
155403,20955,13.0,0.0
155403,8571,7.0,0.0
155403,16797,45.0,0.0
112412,26369,5.0,0.0
112412,11777,4.0,1.0
112412,21938,17.0,-2.5
112412,25890,12.0,0.5
112412,35108,3.0,0.0
112412,8021,23.0,-0.5
112412,39877,5.0,0.0
112412,8518,3.0,0.0
112412,42265,8.0,0.0
112412,30233,2.0,0.5
112412,16797,45.0,-1.0
112412,45007,4.0,0.0
114463,5876,11.0,0.0
59171,31506,19.0,0.0
59171,17122,19.0,0.0
59171,43352,923.0,-4.0
59171,13176,1053.0,0.0
59171,5258,64.0,-2.0
59171,890,37.0,0.0
59171,651,55.0,-1.0
59171,21903,932.0,-8.0
112429,27104,3.0,-1.0
112429,17794,70.0,-4.0
112429,48679,89.0,-8.0
112429,18441,7.0,-1.0
112429,19660,393.0,-2.0
112429,37646,54.0,-1.0
112429,11182,40.0,0.5
112429,34126,10.0,0.0
112429,8174,14.0,-3.0
112429,21903,56.0,-6.5
112429,45007,27.0,-5.5
112429,8277,11.0,0.0
112429,22935,4.0,0.0
112429,13176,59.0,-6.0
112429,28985,28.0,-1.0
192303,46654,3.0,0.0
151347,26209,20.0,0.0
151347,14947,4.0,1.0
151347,44632,15.0,0.0
151347,28842,8.0,0.5
182067,28985,2.0,-2.5
55090,38768,172.0,-1.0
55090,21137,131.0,-0.5
55090,12341,27.0,0.0
55090,13575,48.0,0.0
55090,40199,21.0,0.0
55090,13176,408.0,-8.5
55090,6184,154.0,-13.0
55090,4920,204.0,-5.0
55090,25146,56.0,-2.0
55090,8571,92.0,0.0
55090,16797,266.0,-8.0
5943,19057,47.0,-10.0
5943,46979,47.0,-8.0
5943,16965,5.0,-1.0
5943,13176,427.0,-13.0
5943,33198,67.0,-5.0
5943,21903,728.0,-11.0
3896,25890,13.0,0.0
3896,34243,10.0,0.0
3896,24964,38.0,0.0
3896,41844,5.0,0.0
3896,39877,16.0,0.0
3896,41290,25.0,0.0
145210,22963,4.0,0.0
36665,5025,4.0,0.0
149311,17122,3.0,-1.0
149311,9076,8.0,0.5
149311,21288,7.0,0.0
149311,43352,2.0,0.5
149311,40939,4.0,0.0
149311,16797,3.0,0.0
149311,11759,5.0,0.0
10048,196,11.0,0.0
204611,196,3.0,0.0
204611,43352,21.0,0.5
204611,6184,21.0,0.0
204611,19660,43.0,0.5
204611,16797,33.0,0.5
204611,37710,18.0,0.5
65348,26209,25.0,0.0
65348,24852,9.0,0.0
65348,260,3.0,0.0
65348,40709,2.0,0.5
65348,22935,116.0,0.0
65348,44359,39.0,0.0
65348,16759,15.0,0.0
65348,1463,3.0,0.0
65348,30489,21.0,-1.0
65348,47209,4.0,0.0
65348,7948,4.0,0.0
65348,45007,28.0,0.0
122693,25588,6.0,0.0
87879,39275,15.0,0.0
87879,27966,8.0,0.0
87879,21903,18.0,0.0
118604,12341,3.0,0.0
118604,6184,4.0,0.0
118604,40939,4.0,0.0
118604,37710,2.0,0.5
118604,31343,9.0,0.5
96080,40199,19.0,0.0
102226,41950,17.0,0.0
110421,8518,6.0,0.0
159578,21288,43.0,0.0
143198,11777,88.0,-25.5
143198,34243,116.0,-8.5
143198,37158,2.0,0.5
143198,13176,1174.0,-35.5
143198,30776,44.0,-9.0
143198,26604,272.0,-18.5
143198,17948,2.0,-1.5
143198,27966,9.0,-4.0
147297,12341,11.0,0.0
118634,21137,5.0,0.0
118634,25890,53.0,0.0
118634,49683,9.0,-3.5
118634,24852,10.0,0.5
173934,21137,184.0,-4.0
173934,13176,111.0,-4.0
173934,21903,136.0,-4.0
53104,14992,5.0,0.5
53104,34050,20.0,0.0
53104,24852,196.0,-6.0
53104,16696,18.0,-7.0
53104,28842,72.0,0.0
53104,41290,10.0,0.5
53104,4605,16.0,0.0
53104,29487,107.0,-10.0
53104,21903,15.0,0.0
53104,9839,12.0,0.5
6004,12341,4.0,0.0
6004,27845,3.0,-1.0
6004,21903,4.0,0.0
38773,44359,27.0,-1.0
38773,21903,6.0,0.0
44917,24852,86.0,0.0
44917,9076,51.0,0.0
44917,39993,17.0,0.0
44917,16797,47.0,-2.0
192391,39108,5.0,0.5
114574,14233,19.0,3.5
114574,28842,9.0,0.0
114574,44142,24.0,0.0
114574,29487,6.0,0.0
30609,25890,6.0,0.0
30609,34050,3.0,0.0
30609,196,10.0,0.0
30609,21288,20.0,-2.0
30609,30827,21.0,-2.0
30609,44683,18.0,-1.0
30609,21292,40.0,-1.0
30609,9839,14.0,0.0
30609,8048,21.0,-1.0
30609,42768,4.0,0.0
30609,32689,31.0,-4.0
30609,21137,5.0,-2.0
30609,32691,3.0,0.0
30609,27796,9.0,0.5
30609,19348,5.0,-1.0
30609,12341,65.0,0.0
30609,37687,17.0,0.0
30609,43352,9.0,0.0
30609,4920,5.0,-2.0
30609,16797,57.0,0.0
171923,21616,10.0,0.0
171923,31553,8.0,0.0
171923,5077,51.0,-2.0
171923,24184,10.0,0.0
171923,47672,5.0,0.5
171923,47209,7.0,0.0
46997,24852,3.0,0.0
46997,9387,6.0,0.0
10137,24964,152.0,0.5
10137,41220,2.0,0.5
10137,44359,210.0,0.5
10137,47209,5.0,-1.0
10137,47626,359.0,1.0
10137,37646,36.0,-5.0
10137,21903,316.0,2.5
10137,19057,43.0,0.0
10137,5876,37.0,0.0
10137,22935,21.0,-1.0
10137,13176,398.0,-3.5
10137,44632,26.0,0.5
10137,34969,3.0,0.0
10137,46654,27.0,-8.0
10140,8048,20.0,0.0
10140,4920,4.0,0.0
10140,30827,110.0,0.0
10140,9839,6.0,0.0
116639,35042,12.0,1.0
116639,24852,7.0,-1.0
186268,5876,10.0,-2.0
186268,38293,40.0,0.0
186268,30391,136.0,-1.0
186268,28204,196.0,-2.0
186268,21903,87.0,-2.0
36769,196,14.0,0.0
36769,19660,3.0,0.0
87968,31506,3.0,-1.0
87968,28204,6.0,-1.0
87968,37646,6.0,-3.0
141221,13176,7.0,0.0
141221,45066,6.0,0.0
141221,21903,7.0,0.0
36784,49235,5.0,0.0
36784,196,218.0,-1.0
180145,24852,7.0,0.0
180145,44632,22.0,0.0
28597,24852,15.0,0.0
28597,5077,4.0,0.0
28597,24838,5.0,0.0
28597,14233,2.0,0.5
28597,37646,4.0,0.0
196535,43154,6.0,0.0
94134,21288,10.0,-1.0
94134,43352,9.0,0.0
94134,40939,29.0,0.0
126908,16759,6.0,0.0
126908,13176,10.0,0.0
120767,46802,21.0,-4.0
120767,30450,11.0,0.0
120767,12341,16.0,0.0
120767,33000,15.0,0.0
120767,6184,8.0,0.0
120767,42265,33.0,0.0
120767,40939,36.0,0.0
120767,19660,88.0,-4.0
120767,21903,32.0,0.0
108483,19057,5.0,0.0
108483,43122,38.0,-1.0
108483,45603,7.0,0.0
108483,39877,11.0,0.0
108483,4920,8.0,0.0
108483,5785,3.0,0.0
108483,45066,7.0,0.0
108483,37646,19.0,-1.0
24518,39275,14.0,-1.0
104396,13535,3.0,0.0
174032,42356,5.0,0.0
174032,23734,9.0,0.0
174032,28204,4.0,0.0
163797,24852,14.0,0.5
163797,5077,11.0,0.5
163797,30233,38.0,1.0
30687,26209,423.0,-5.5
30687,26369,5.0,0.0
30687,24964,76.0,0.0
30687,31717,132.0,-2.0
30687,2086,31.0,0.0
30687,47209,15.0,0.0
30687,47626,192.0,-3.5
30687,33198,30.0,0.0
30687,27086,3.0,0.0
30687,42736,26.0,-3.5
30687,24852,425.0,-6.0
30687,5876,6.0,0.5
30687,22935,81.0,-2.0
30687,4605,59.0,0.0
137186,24852,7.0,0.0
137186,16797,17.0,0.0
6115,12341,7.0,0.0
6115,21573,3.0,0.0
6115,5782,6.0,0.5
6115,42265,5.0,0.0
59364,4210,11.0,-2.0
59364,42356,8.0,-1.0
59364,16797,12.0,0.0
10215,39108,154.0,1.0
10215,47766,31.0,-6.0
10215,30391,29.0,-4.0
10215,13176,533.0,-16.0
10215,42265,94.0,-10.5
10215,41290,9.0,-1.0
10215,46667,51.0,-3.0
10215,28204,87.0,0.0
10215,27966,272.0,-16.0
10215,21903,856.0,-16.5
10215,45007,15.0,0.5
61419,19057,2.0,0.5
61419,24852,7.0,0.5
61419,43961,9.0,0.0
102394,17122,64.0,-8.0
102394,34050,61.0,-2.0
102394,196,104.0,-5.5
102394,46149,12.0,-7.0
102394,13575,25.0,-2.0
102394,6184,549.0,-6.0
102394,35561,42.0,-2.0
102394,37710,15.0,0.0
102394,30450,30.0,-3.0
102394,43154,4.0,0.0
102394,49235,25.0,-1.0
102394,19348,5.0,0.0
102394,12341,505.0,-16.0
102394,42265,12.0,0.0
102394,8571,300.0,-1.0
102394,41787,4.0,0.0
102394,32478,42.0,-2.0
200700,28985,9.0,0.0
200700,15290,3.0,-1.0
