support,max_intertime,median_intratime,median_period_occurences,num_periods,X,Y
457.0,20.5,13.0,1.0,307,32650,32650
356.0,14.5,8.0,1.0,202,15424,15424
296.0,20.5,11.0,1.0,191,42240,42240
275.0,8.0,6.0,1.0,192,24852,24852
262.0,20.5,10.0,1.0,172,47977,47977
223.0,8.0,2.0,1.0,137,8859,8859
216.0,20.5,12.0,1.0,152,19488,19488
214.0,14.5,8.0,1.0,120,10957,10957
203.0,14.5,7.5,1.0,115,33198,33198
184.0,8.0,3.0,1.0,89,14233,14233
183.0,8.0,4.0,1.0,99,21386,21386
183.0,8.0,6.0,1.0,115,13176,13176
182.0,14.5,9.0,1.0,121,36316,36316
160.0,14.5,6.0,1.0,89,19660,19660
155.0,3.0,2.0,1.0,103,25466,25466
131.0,20.5,10.0,1.0,82,49520,49520
119.0,14.5,7.0,1.0,75,16696,16696
112.0,8.0,5.0,1.0,66,5077,5077
111.0,27.0,14.0,1.0,65,196,196
108.0,14.5,9.0,1.0,67,23909,23909
107.0,14.5,8.0,1.0,78,16797,16797
102.0,3.0,2.0,1.0,45,2120,2120
102.0,14.5,8.0,1.0,70,27966,27966
99.0,8.0,7.0,1.0,58,20955,20955
94.0,8.0,5.5,1.0,58,44632,44632
91.0,14.5,7.0,1.0,52,49235,49235
87.0,8.0,7.0,1.0,34,12916,12916
87.0,14.5,8.0,1.0,55,26165,26165
85.0,14.5,7.0,1.0,55,10032,10032
81.0,8.0,4.0,1.0,39,41276,41276
81.0,8.0,4.0,1.0,46,45190,45190
80.0,14.5,11.0,1.5,40,21709,21709
79.0,14.5,9.0,1.0,50,27325,27325
79.0,14.5,7.0,1.0,44,1194,1194
73.0,31.5,14.0,1.0,48,47977,36316
73.0,27.0,13.5,1.0,54,36316,47977
66.0,20.5,9.5,1.0,50,10673,10673
65.0,20.5,9.5,1.0,49,25146,25146
64.0,8.0,7.0,1.0,47,47141,47141
63.0,20.5,9.0,1.0,47,28199,28199
63.0,20.5,10.0,1.0,43,27344,27344
59.0,81.0,30.0,1.0,57,19488,32650
59.0,14.5,7.0,1.0,39,3957,3957
59.0,14.5,9.0,1.0,42,47626,47626
55.0,20.5,8.5,1.0,41,39275,39275
54.0,31.5,12.0,1.0,35,15424,42240
53.0,8.0,4.0,1.0,39,2966,2966
52.0,14.5,7.0,1.0,36,35221,35221
51.0,14.5,10.0,1.0,31,432,432
51.0,27.0,17.5,1.0,31,2086,2086
50.0,31.5,10.0,1.0,32,42240,15424
49.0,14.5,9.0,1.0,25,43631,43631
47.0,3.0,2.0,1.0,23,38456,38456
46.0,20.5,13.0,1.0,28,46842,46842
46.0,31.5,19.0,1.0,40,42240,32650
45.0,20.5,8.0,1.0,30,47209,47209
45.0,20.5,10.5,1.0,31,36316,49520
45.0,39.0,14.0,1.0,35,31506,31506
44.0,39.0,14.0,1.0,37,32650,42240
44.0,20.5,14.0,1.0,32,31683,31683
44.0,8.0,5.0,1.0,28,5785,5785
44.0,8.0,7.0,2.0,15,20955,12916
44.0,20.5,10.0,1.0,27,14947,14947
44.0,27.0,12.5,1.0,32,35921,35921
43.0,27.0,18.0,1.0,30,8021,8021
43.0,8.0,7.0,1.0,15,12916,20955
42.0,14.5,10.0,1.0,32,40332,40332
42.0,14.5,8.0,1.0,26,23288,23288
41.0,44.5,22.0,1.0,34,47977,32650
41.0,39.0,23.0,1.0,37,19488,42240
41.0,31.5,16.0,1.0,32,41290,41290
40.0,31.5,15.5,1.0,29,49520,47977
40.0,39.0,22.5,1.0,36,24852,32650
40.0,8.0,3.0,1.0,29,10957,15424
40.0,27.0,10.0,1.0,27,43295,43295
39.0,27.0,16.0,1.0,29,16953,16953
39.0,14.5,6.0,1.0,30,9076,9076
39.0,3.0,2.0,1.0,25,14715,14715
38.0,3.0,2.0,1.0,26,41276,25466
38.0,14.5,8.0,1.0,21,15424,10957
37.0,20.5,12.0,1.0,26,49520,36316
37.0,20.5,9.0,1.0,34,19488,24852
37.0,51.0,22.0,1.0,33,32650,24852
37.0,8.0,7.0,1.0,19,10957,49235
36.0,31.5,11.0,1.0,27,47977,49520
36.0,8.0,5.0,1.0,21,43154,43154
36.0,14.5,9.0,1.0,28,41844,41844
36.0,3.0,2.0,1.0,25,25466,41276
36.0,14.5,11.0,1.0,20,39581,39581
36.0,31.5,14.0,1.0,28,4210,4210
36.0,8.0,6.0,1.0,29,42240,24852
35.0,14.5,9.0,1.0,24,1940,1940
35.0,39.0,18.5,1.0,30,16797,32650
35.0,8.0,7.0,1.0,19,49235,13176
34.0,14.5,8.5,1.0,23,32691,32691
34.0,14.5,7.0,1.5,16,24852,21709
34.0,14.5,7.0,1.0,20,21709,24852
34.0,8.0,7.0,1.0,18,13176,49235
33.0,14.5,7.0,2.0,12,21709,20955
33.0,8.0,7.0,1.5,16,49235,10957
32.0,14.5,8.5,1.0,22,47144,47144
32.0,14.5,8.0,1.0,23,6187,6187
32.0,8.0,7.0,1.0,15,13176 49235,13176
32.0,57.0,20.0,1.0,25,27796,27796
31.0,14.5,7.0,1.0,19,39108,39108
31.0,51.0,14.0,1.0,26,32650,47977
31.0,20.5,9.0,1.0,21,29447,29447
31.0,51.0,20.0,1.0,28,31066,31066
31.0,44.5,14.0,1.0,28,42240,19488
31.0,8.0,7.0,1.0,15,49235,13176 49235
30.0,14.5,5.5,1.0,25,21333,21333
30.0,44.5,15.5,1.0,29,31066,32650
30.0,14.5,7.0,2.0,13,21709,12916
30.0,14.5,7.0,2.0,9,20955,21709
30.0,14.5,7.0,2.0,6,12916,21709
30.0,8.0,7.0,2.0,13,13176 49235,13176 49235
30.0,8.0,7.0,2.0,13,13176 49235,49235
30.0,8.0,7.0,1.5,14,13176,13176 49235
29.0,14.5,11.0,1.0,17,21903,21903
29.0,20.5,9.0,1.0,24,24838,24838
29.0,109.0,30.0,1.0,28,28199,32650
28.0,39.0,15.0,1.0,26,24852,16797
28.0,57.0,12.0,1.0,25,32650,16797
28.0,20.5,8.0,1.0,22,10957,42240
28.0,62.0,24.0,1.0,23,10957,32650
28.0,8.0,7.0,1.0,15,10957,13176
28.0,20.5,13.0,1.5,16,30776,30776
28.0,81.0,33.0,1.0,27,13176,32650
27.0,51.0,17.0,1.0,23,47977,24852
27.0,27.0,9.5,1.0,17,10032,24852
27.0,8.0,6.0,1.0,20,24852,42240
27.0,14.5,9.0,2.0,15,39408,39408
27.0,14.5,12.0,1.0,24,19488,47977
27.0,31.5,21.0,1.0,15,8021,2086
27.0,31.5,21.5,1.0,15,19348,19348
27.0,8.0,6.0,1.0,20,14233,1194
27.0,20.5,9.0,1.0,20,42240,13176
27.0,14.5,7.0,1.0,22,13176,42240
27.0,8.0,7.0,1.0,15,13176,10957
27.0,20.5,13.0,1.0,20,15424,19488
26.0,14.5,6.5,1.0,21,21137,21137
26.0,20.5,7.0,1.0,22,24852,27966
26.0,31.5,16.0,1.0,23,36316,32650
26.0,8.0,6.0,1.0,19,20955,42240
26.0,8.0,7.0,1.0,14,10957,13176 49235
26.0,31.5,12.5,1.0,24,16797,24852
26.0,14.5,7.0,1.0,19,42240,10957
26.0,14.5,6.0,1.0,16,1194,14233
25.0,39.0,9.0,1.0,22,24852,39275
25.0,39.0,14.0,1.0,22,5077,24852
25.0,14.5,8.0,1.0,21,26604,26604
25.0,20.5,9.0,1.0,23,39275,24852
25.0,31.5,21.0,1.0,14,2086,8021
25.0,8.0,5.0,1.0,19,13176,5785
24.0,31.5,15.5,1.0,17,47977,10957
24.0,39.0,14.0,1.0,18,19488,15424
24.0,87.0,20.5,1.0,24,32650,31066
24.0,68.5,21.0,1.0,21,32650,10957
24.0,31.5,14.0,1.0,17,10957,47977
24.0,8.0,7.0,1.5,12,13176 49235,10957
24.0,14.5,6.0,1.0,16,1194,33198
23.0,14.5,7.0,1.0,18,27966,39275
23.0,31.5,14.0,1.0,21,32650,36316
23.0,8.0,5.0,2.0,13,5785,13176
23.0,62.0,38.5,1.0,21,32650,31506
23.0,57.0,23.5,1.0,23,31066,42240
23.0,20.5,7.0,1.0,20,16696,32650
23.0,39.0,16.0,1.0,20,42240,28199
23.0,8.0,7.0,1.0,15,42240,20955
23.0,51.0,36.0,1.0,21,39275,32650
22.0,27.0,12.0,1.0,14,47977,15424
22.0,20.5,10.0,1.0,18,33129,33129
22.0,31.5,18.0,1.0,21,24852,9076
22.0,20.5,8.0,1.0,17,27966,24852
22.0,20.5,8.5,1.0,19,196,42240
22.0,62.0,14.0,1.0,17,32650,49520
22.0,27.0,15.5,1.0,16,196,19660
22.0,20.5,15.5,1.0,19,32650,16696
22.0,27.0,10.5,1.0,14,33000,33000
22.0,31.5,14.0,1.0,19,28199,13176
22.0,31.5,8.5,1.0,19,39275,27966
21.0,20.5,10.0,1.0,14,18362,18362
21.0,3.0,1.5,1.0,16,38444,38444
21.0,39.0,18.0,1.0,14,49520,10957
21.0,20.5,10.0,1.0,19,24852,47626
21.0,27.0,6.5,1.0,19,24852,19488
21.0,20.5,8.0,1.0,17,24852,10032
21.0,39.0,11.0,1.0,20,24852,5077
21.0,68.5,20.0,1.0,19,19488,31506
21.0,14.5,9.0,1.0,15,196,32650
21.0,68.5,30.0,1.0,20,32650,19488
21.0,68.5,27.0,1.0,18,31506,32650
21.0,27.0,9.0,1.0,20,16797,42240
21.0,14.5,8.0,1.0,13,47141,196
21.0,14.5,6.5,1.0,15,14233,33198
21.0,39.0,28.0,1.0,18,35898,35898
21.0,14.5,7.0,1.0,14,33198,1194
21.0,31.5,7.0,1.0,18,13176,28199
20.0,20.5,12.0,1.0,18,47977,19488
20.0,20.5,8.0,1.0,16,13249,13249
20.0,57.0,22.5,1.0,16,49520,32650
20.0,20.5,6.0,1.0,20,24852,31066
20.0,8.0,4.0,1.0,13,33065,33065
20.0,62.0,20.0,1.0,15,19488,49520
20.0,44.5,18.0,1.0,18,19488,36316
20.0,68.5,21.0,1.0,19,19488,13176
20.0,44.5,21.0,1.0,16,19488,10957
20.0,8.0,5.0,1.0,17,20995,20995
20.0,93.0,24.0,1.0,19,32650,28199
20.0,20.5,13.0,1.0,15,37158,37158
20.0,20.5,9.0,1.0,15,32650,196
20.0,87.0,11.5,1.0,18,36316,24852
20.0,68.5,30.0,1.0,19,31066,24852
20.0,31.5,15.0,1.0,16,10957,19488
20.0,20.5,6.0,1.0,15,16696,10957
20.0,57.0,16.0,1.0,18,28199,42240
20.0,8.0,4.0,1.0,17,26604,27966
20.0,14.5,7.5,1.0,16,42240,49235
20.0,27.0,9.0,1.0,13,34050,34050
20.0,27.0,10.0,1.0,12,15424,47977
19.0,14.5,7.0,1.0,11,21709,42240
19.0,27.0,8.0,1.0,17,24852,15424
19.0,27.0,6.0,1.0,13,42450,42450
19.0,14.5,7.0,1.0,13,18523,18523
19.0,14.5,9.0,1.0,14,27966,27966 39275
19.0,27.0,12.0,1.0,18,9076,24852
19.0,27.0,7.5,1.0,12,8021,19660
19.0,14.5,5.0,1.0,14,1463,1463
19.0,14.5,7.0,1.0,12,12916,42240
19.0,8.0,5.0,1.0,15,10957,16696
19.0,27.0,18.0,1.0,15,46676,46676
19.0,14.5,10.0,1.0,14,9387,9387
19.0,14.5,6.0,1.0,14,16696,15424
19.0,8.0,5.0,1.0,15,2966,24852
19.0,14.5,7.0,1.0,12,42240,12916
19.0,8.0,6.0,1.0,18,39275,13176
19.0,44.5,16.0,1.0,16,15424,24852
19.0,14.5,7.0,1.0,12,15424,16696
18.0,3.0,1.5,1.0,17,45603,45603
18.0,27.0,15.0,1.0,12,19660 196,19660
18.0,62.0,22.0,1.0,16,24852,47977
18.0,68.5,23.0,1.0,16,24852,36316
18.0,74.0,24.0,1.0,17,24852,25146
18.0,27.0,16.0,1.0,18,24852,13176
18.0,27.0,6.0,1.0,14,24852,2966
18.0,31.5,30.0,1.5,10,5258,5258
18.0,27.0,24.0,1.0,12,196,19660 196
18.0,68.5,21.0,1.0,16,32650,5077
18.0,57.0,21.0,1.0,13,10957,49520
18.0,14.5,9.0,1.0,15,16797,40332
18.0,14.5,8.5,1.0,15,40332,16797
18.0,14.5,5.5,1.0,17,28199,24852
18.0,14.5,7.0,1.0,12,42240,21709
18.0,27.0,10.5,1.0,10,42240,196
18.0,14.5,10.0,1.0,14,48205,48205
18.0,51.0,20.0,1.0,18,13176,5077
18.0,20.5,9.0,1.0,15,47626,24852
17.0,27.0,24.0,1.0,11,19660 196,19660 196
17.0,27.0,24.0,1.0,11,19660 196,196
17.0,68.5,12.0,1.0,13,27966 39275,27966
17.0,44.5,7.0,1.0,15,24852,12916
17.0,14.5,7.0,1.0,11,196,47141
17.0,14.5,12.0,1.0,16,6187,32650
17.0,99.0,25.0,1.0,16,32650,39275
17.0,39.0,20.0,1.0,15,31683,24852
17.0,27.0,8.0,1.0,16,32650,27966
17.0,20.5,11.0,1.0,14,7781,7781
17.0,44.5,15.5,1.0,14,36316,10957
17.0,68.5,21.0,1.0,15,10957,36316
17.0,27.0,15.5,2.0,9,19660,19660 196
17.0,27.0,11.0,1.0,12,19660,8021
17.0,20.5,8.0,1.0,12,11182,11182
17.0,27.0,15.5,2.0,9,19660,196
17.0,27.0,8.0,1.0,13,33198,47209
17.0,14.5,6.0,1.0,12,33198,14233
17.0,115.5,41.0,1.0,17,28199,39275
17.0,27.0,12.0,1.0,14,47766,47766
17.0,8.0,1.0,1.0,15,27344,27966
17.0,3.0,1.0,1.0,17,25146,24852
17.0,14.5,5.0,1.0,12,13176,33000
17.0,20.5,3.0,1.0,17,39275,16797
17.0,14.5,7.0,2.0,9,13176,25466
17.0,27.0,9.0,1.0,14,15424,32650
16.0,31.5,8.0,1.0,13,47209,33198
16.0,62.0,16.0,1.0,13,49520,19488
16.0,8.0,7.0,1.0,11,24852,20955
16.0,20.5,11.0,1.0,16,24852,16953
16.0,31.5,10.5,1.0,14,27966,26604
16.0,62.0,12.0,1.0,16,32650,41844
16.0,148.0,22.0,1.0,14,32650,27344
16.0,14.5,7.0,1.0,9,25466,13176
16.0,8.0,3.5,1.0,15,39581,10957
16.0,8.0,6.0,1.0,15,16696,42240
16.0,39.0,16.5,1.0,15,16696,24852
16.0,8.0,2.5,2.0,9,41400,41400
16.0,20.5,11.0,1.0,15,26604,39275
16.0,39.0,14.5,1.0,16,28199,16797
16.0,20.5,14.0,1.0,15,42240,39275
16.0,20.5,13.0,1.0,12,30233,30233
16.0,27.0,13.0,1.0,12,15902,15902
16.0,31.5,11.5,1.0,15,13176,39275
16.0,27.0,17.5,1.0,15,13176,19488
15.0,14.5,8.0,1.0,10,43154,33198
15.0,3.0,2.0,1.0,14,43154,2120
15.0,74.0,30.0,1.0,13,10673,32650
15.0,109.0,27.5,1.0,14,16953,24852
15.0,27.0,5.5,1.0,12,26209,26209
15.0,20.5,10.0,1.0,11,24852,24852 27966
15.0,39.0,18.0,1.0,14,24852,28199
15.0,44.5,17.5,1.0,14,27325,32650
15.0,14.5,7.0,1.0,12,32650,47141
15.0,39.0,30.0,1.0,13,31683,32650
15.0,57.0,29.5,1.0,13,32650,10673
15.0,14.5,7.0,1.0,10,10957,25466
15.0,14.5,10.0,1.0,12,24852 27966,27966
15.0,27.0,11.5,1.0,11,16797,23909
15.0,14.5,7.5,1.0,11,19057,19057
15.0,20.5,12.5,1.0,12,19660,2086
15.0,81.0,37.0,1.0,14,5077,32650
15.0,27.0,19.0,1.0,15,28199,47977
15.0,57.0,19.5,1.0,14,2966,32650
15.0,14.5,6.0,1.0,10,13176,21903
15.0,20.5,6.0,1.0,10,13176,20995
14.0,20.5,6.0,1.0,13,21137,27966
14.0,8.0,5.5,1.0,12,21903,13176
14.0,3.0,1.0,1.0,12,38456,25466
14.0,3.0,2.0,1.0,12,2120,43154
14.0,44.5,7.5,1.0,10,27966 39275,39275
14.0,14.5,6.0,1.0,11,39108,5077
14.0,27.0,7.0,1.0,11,16953,5077
14.0,20.5,12.0,1.0,13,24852,24852 47626
14.0,31.5,8.0,1.5,8,21386,19660
14.0,20.5,9.5,1.0,11,24852,33198
14.0,20.5,13.5,1.0,12,24852,31683
14.0,20.5,2.0,1.0,10,23734,23734
14.0,20.5,9.0,1.0,14,24852,1940
14.0,20.5,13.0,1.0,10,27966,24852 27966
14.0,14.5,7.0,1.0,11,27966,27344
14.0,81.0,47.5,1.0,14,41844,32650
14.0,68.5,44.5,1.0,14,19488,16953
14.0,57.0,31.5,1.0,14,19488,16696
14.0,51.0,18.5,1.0,13,47144,24852
14.0,8.0,2.0,1.0,10,25466,38456
14.0,27.0,8.0,1.0,10,32650,15424
14.0,27.0,6.0,1.0,13,32650,9076
14.0,31.5,8.0,1.0,12,32650,8859
14.0,81.0,41.0,1.0,13,32650,2966
14.0,20.5,8.5,1.0,12,47141,32650
14.0,31.5,12.0,1.0,14,16797,28199
14.0,14.5,7.0,1.0,11,24852 27966,24852
14.0,31.5,18.5,1.0,13,8859,32650
14.0,20.5,13.0,1.0,14,16797,9076
14.0,27.0,11.0,1.0,10,19660,21386
14.0,27.0,15.5,1.0,13,9076,32650
14.0,14.5,7.0,1.0,8,33198,43154
14.0,20.5,10.0,1.0,12,33198,27966
14.0,87.0,20.0,1.0,14,42240,36316
14.0,31.5,16.0,1.0,13,42240,16797
14.0,81.0,32.0,1.0,12,25146,32650
14.0,31.5,16.0,1.0,14,24852 16797,16797
14.0,31.5,10.0,1.0,14,39275,26604
14.0,31.5,10.0,1.0,7,2086,19660
14.0,39.0,8.5,1.0,13,13176,16797
13.0,14.5,7.5,1.0,10,49235,42240
13.0,51.0,30.0,1.0,12,47977,39275
13.0,20.5,10.0,1.0,13,47977,27966
13.0,14.5,6.5,1.0,8,43154,1194
13.0,8.0,5.0,1.0,10,43631,14233
13.0,115.5,27.0,1.0,12,16953,42240
13.0,27.0,14.5,1.0,11,2120,33198
13.0,20.5,16.0,1.0,9,28985,28985
13.0,39.0,11.0,1.0,11,10673,5077
13.0,20.5,8.5,1.0,10,24852 47626,24852
13.0,14.5,6.0,1.0,12,27325,42240
13.0,31.5,26.0,1.0,11,44632,35221
13.0,14.5,7.0,1.0,9,25466,49235
13.0,31.5,16.0,1.0,13,19488,16797
13.0,8.0,5.0,1.0,11,5785,33000
13.0,27.0,11.0,1.0,9,19488,196
13.0,14.5,8.0,1.0,9,40939,40939
13.0,62.0,15.0,1.0,12,32650,27325
13.0,31.5,8.0,1.0,12,25466,8859
13.0,14.5,14.0,1.0,13,32650,6187
13.0,27.0,12.0,1.0,12,36316,19488
13.0,27.0,16.0,1.0,9,1940,24852
13.0,31.5,20.0,1.0,13,38739,38739
13.0,8.0,7.0,1.0,9,20955,24852
13.0,20.5,8.0,1.0,10,20842,20842
13.0,8.0,6.5,1.0,11,10957,39581
13.0,14.5,10.0,1.0,10,24852 27966,24852 27966
13.0,31.5,8.0,1.0,9,47141,42240
13.0,8.0,3.0,1.0,9,16696,41276
13.0,14.5,7.0,1.0,12,40709,40709
13.0,27.0,13.0,1.0,11,33198,31683
13.0,8.0,6.0,1.0,9,14233,43154
13.0,44.5,13.0,1.0,11,33198,26209
13.0,8.0,5.0,1.0,12,17122,17122
13.0,14.5,2.0,1.0,10,33198,3957
13.0,20.5,10.0,1.0,10,33198,2120
13.0,135.0,30.0,1.0,13,26604,32650
13.0,31.5,8.5,1.0,9,42240,47141
13.0,20.5,5.0,1.0,12,28199,16696
13.0,183.0,25.0,1.0,13,42240,27966
13.0,14.5,3.0,1.0,11,2966,16797
13.0,27.0,7.0,1.0,10,39275,27966 39275
13.0,14.5,7.5,1.0,11,42240,1194
13.0,115.5,27.0,1.0,12,27344,32650
13.0,27.0,13.0,1.0,9,14947,44632
13.0,8.0,6.0,2.0,9,1194,43154
13.0,8.0,5.0,1.0,9,4799,4799
13.0,20.5,10.0,1.0,10,3957,33198
12.0,74.0,30.0,1.0,12,47977,42240
12.0,105.0,22.0,1.0,12,47977,31506
12.0,31.5,27.0,1.0,12,21137,24852
12.0,14.5,8.0,1.0,7,43154,14233
12.0,8.0,6.0,1.0,11,43631,1194
12.0,14.5,10.5,1.0,11,27966 26604,27966
12.0,27.0,7.5,1.0,9,27966 39275,27966 39275
12.0,44.5,16.0,1.0,11,33129,32650
12.0,27.0,13.5,1.0,9,24852 47626,47626
12.0,8.0,4.5,1.0,9,21386,24852
12.0,20.5,8.5,1.0,8,10032,21709
12.0,44.5,18.5,1.0,9,10032,19488
12.0,57.0,25.5,1.0,10,24852,49520
12.0,8.0,4.0,1.0,11,43352,43352
12.0,39.0,4.0,1.0,10,24852,16696
12.0,44.5,20.0,1.0,10,24852,10957
12.0,20.5,14.0,1.0,9,27966,33198
12.0,31.5,12.0,1.0,12,27966,32650
12.0,62.0,25.5,1.0,12,19488,39275
12.0,39.0,20.0,1.0,11,19488,10032
12.0,8.0,5.0,1.0,9,20995,13176
12.0,27.0,21.0,1.0,10,31683,33198
12.0,93.0,27.0,1.0,11,32650,25146
12.0,27.0,19.5,1.0,12,32650,24838
12.0,27.0,16.5,1.0,12,32650,16953
12.0,27.0,7.0,1.0,8,29447,27344
12.0,20.5,11.0,1.0,10,21333,31506
12.0,20.5,15.0,1.0,9,1940,36316
12.0,27.0,7.0,1.0,8,33000,21903
12.0,27.0,4.0,1.0,8,33000,13176
12.0,27.0,14.0,1.5,6,21709,10032
12.0,105.0,17.0,1.0,11,10957,24852
12.0,105.0,19.5,1.0,12,16797,31066
12.0,39.0,29.5,1.0,9,15290,15290
12.0,14.5,6.0,1.0,10,8859,25466
12.0,20.5,4.0,1.0,11,16797,2966
12.0,31.5,21.0,1.0,10,35221,44632
12.0,99.0,14.5,1.0,12,16696,19488
12.0,20.5,9.0,1.0,11,31981,31981
12.0,74.0,42.0,1.0,11,41844,24852
12.0,8.0,5.0,1.0,9,5077,39108
12.0,8.0,6.0,1.0,8,14233,43631
12.0,27.0,11.0,1.0,9,33198,30776
12.0,27.0,10.5,1.0,9,33198,30233
12.0,20.5,7.0,1.0,11,33198,24852
12.0,124.0,12.0,1.0,11,35898,36316
12.0,27.0,19.5,1.0,12,28199,27966
12.0,8.0,2.5,1.0,11,42240,16696
12.0,202.0,23.0,1.0,12,39275,49235
12.0,31.5,12.0,1.0,12,7751,7751
12.0,159.0,27.0,1.0,12,25146,19488
12.0,14.5,7.0,1.0,7,49235,25466
12.0,14.5,4.5,1.0,11,13176,43295
12.0,14.5,5.5,1.0,12,39275,21137
12.0,20.5,9.0,1.0,10,35042,35042
12.0,44.5,14.0,1.0,12,39275,9076
12.0,27.0,9.5,1.0,12,13176,16696
12.0,31.5,12.0,2.0,7,15424,6187
11.0,14.5,8.0,1.0,10,36316,1940
11.0,68.5,22.0,1.0,10,47977,49235
11.0,51.0,7.0,1.0,9,47977,13176
11.0,27.0,6.5,1.0,8,21903,33000
11.0,8.0,4.5,1.0,8,32478,32478
11.0,44.5,8.5,1.0,8,49520,31506
11.0,62.0,15.0,1.0,10,26209,33198
11.0,31.5,9.0,1.0,10,24852,24852 39275
11.0,27.0,10.0,1.0,10,24852,47144
11.0,27.0,9.5,1.0,9,24852,47141
11.0,39.0,7.0,1.0,9,21386,8021
11.0,39.0,11.0,1.0,11,24852,38739
11.0,105.0,30.0,1.0,11,24852,35221
11.0,62.0,23.0,1.0,10,24852,196
11.0,27.0,19.0,1.0,10,27966,47977
11.0,8.0,5.0,2.5,4,33731,5785
11.0,87.0,35.0,1.0,10,41844,42240
11.0,14.5,7.0,1.0,7,25466,13176 49235
11.0,20.5,9.0,1.0,10,27966,21137
11.0,27.0,16.0,1.0,10,27966,13176
11.0,99.0,24.0,1.0,11,19488,10673
11.0,93.0,60.0,1.0,11,32650,49235
11.0,62.0,55.0,1.0,11,19488,5077
11.0,39.0,11.0,1.0,9,196,15424
11.0,31.5,27.5,2.0,5,44632,14947
11.0,68.5,30.0,1.0,10,32650,31683
11.0,51.0,29.0,1.0,9,21195,21195
11.0,44.5,8.0,1.5,8,21333,27344
11.0,14.5,10.5,1.0,8,45007,33198
11.0,14.5,5.5,1.5,8,33000,5785
11.0,140.75,35.5,1.0,11,31066,16797
11.0,109.0,27.5,1.0,11,31066,15424
11.0,27.0,10.0,1.0,11,24852 9076,24852
11.0,44.5,12.0,1.0,11,16797,13176
11.0,27.0,10.0,1.0,10,28427,28427
11.0,8.0,5.0,1.0,8,47141,1940
11.0,51.0,14.5,1.0,9,16696,28199
11.0,27.0,19.0,1.0,7,9076,15424
11.0,8.0,3.0,1.0,10,40332,48205
11.0,124.0,18.0,1.0,10,35898,47977
11.0,27.0,5.0,1.0,8,5077,16953
11.0,68.5,15.5,1.0,10,5077,10673
11.0,99.0,12.0,1.0,11,28199,21137
11.0,14.5,7.0,1.5,6,13176 49235,25466
11.0,27.0,17.0,1.0,10,42240,21137
11.0,27.0,14.0,1.0,8,30233,33198
11.0,93.0,25.0,1.0,11,49235,47977
11.0,109.0,5.5,1.0,11,39275,42240
11.0,57.0,30.5,1.0,11,13176,47977
11.0,8.0,5.5,1.0,7,13176,13176 21903
11.0,27.0,13.5,1.5,8,47626,24852 47626
11.0,20.5,12.0,1.0,10,13176,1194
11.0,27.0,7.5,1.0,8,27845,27845
11.0,14.5,7.0,1.0,8,13176 21903,21903
11.0,14.5,6.0,1.0,8,13176 21903,13176
10.0,44.5,29.5,1.0,8,47977,27344
10.0,8.0,6.0,1.0,8,21903,13176 21903
10.0,31.5,5.0,1.0,7,47977,9076
10.0,57.0,11.0,1.0,9,47977,5077
10.0,14.5,6.5,1.0,6,21903,5785
10.0,8.0,6.0,1.0,9,24852 39275,39275
10.0,44.5,13.0,1.0,10,10673,28199
10.0,27.0,8.5,1.0,8,28985,33198
10.0,20.5,13.5,1.0,8,24852 47626,24852 47626
10.0,8.0,5.0,1.0,8,24852,44632
10.0,39.0,20.0,1.0,7,21386,2086
10.0,62.0,17.0,1.0,10,24852,33129
10.0,8.0,5.0,1.0,8,24852,21386
10.0,20.5,14.0,1.0,9,24852,19660
10.0,8.0,6.0,2.0,4,33731,33731
10.0,20.5,10.0,1.0,10,24852,11182
10.0,27.0,12.5,1.0,10,27966,27966 26604
10.0,14.5,7.5,1.0,7,27966,21709
10.0,8.0,5.0,1.0,5,5785,33731
10.0,14.5,6.0,1.0,6,5785,21903
10.0,8.0,5.0,1.0,9,24838,32650
10.0,27.0,6.5,1.0,9,46654,24852
10.0,39.0,12.0,1.0,7,6187,15424
10.0,31.5,18.0,1.0,9,25466,27325
10.0,44.5,15.0,1.0,9,32650,33129
10.0,27.0,15.0,1.0,7,46842,20955
10.0,14.5,6.0,1.0,8,29447,27966
10.0,105.0,30.0,1.0,10,36316,39275
10.0,20.5,12.0,1.0,10,36316,28199
10.0,27.0,16.0,1.0,7,1940,47626
10.0,8.0,5.0,1.0,9,1940,47141
10.0,20.5,16.0,1.0,7,22802,22802
10.0,44.5,26.0,1.0,9,36316,10673
10.0,14.5,10.0,1.0,7,21709,33198
10.0,20.5,7.0,1.0,7,21709,27966
10.0,81.0,25.0,1.0,9,42356,42356
10.0,8.0,2.5,1.0,10,16797,48205
10.0,20.5,14.0,1.0,10,16797,47977
10.0,14.5,7.0,1.0,8,41276,16696
10.0,14.5,12.0,1.0,10,16797,41844
10.0,31.5,16.0,1.0,7,30776,33198
10.0,74.0,19.0,1.0,10,16797,31506
10.0,51.0,23.0,1.0,9,10957,9076
10.0,44.5,10.0,1.0,10,47141,25146
10.0,44.5,12.0,1.0,8,47141,24852
10.0,81.0,17.0,1.0,9,12916,24852
10.0,57.0,10.0,1.0,10,16797,19488
10.0,14.5,8.0,1.0,8,47141,16797
10.0,20.5,16.5,1.0,9,31717,31717
10.0,51.0,11.0,1.0,9,5077,47977
10.0,27.0,14.0,1.5,6,33198,28985
10.0,31.5,16.0,1.0,10,26165,21386
10.0,8.0,5.0,1.0,8,14233,16696
10.0,20.5,12.5,1.0,10,28199,36316
10.0,14.5,8.5,1.0,10,2966,39275
10.0,14.5,4.0,1.0,8,28199,2966
10.0,93.0,15.0,1.0,9,42240,16953
10.0,115.5,16.0,1.0,10,27344,47977
10.0,27.0,14.0,1.0,9,25146,47977
10.0,20.5,9.0,1.0,10,39275,24852 39275
10.0,81.0,28.0,1.0,9,27796,32650
10.0,39.0,11.0,1.0,8,27344,21333
10.0,68.5,30.0,1.0,10,49235,32650
10.0,31.5,12.0,1.0,10,24852 16797,24852
10.0,20.5,9.0,1.0,9,39275,36316
10.0,14.5,6.0,2.0,5,1194,43631
10.0,31.5,15.5,1.0,8,2086,21386
10.0,8.0,4.0,1.0,6,13176,33731
10.0,31.5,24.0,1.0,10,13176,31506
10.0,8.0,6.0,1.0,8,13176,26165
10.0,27.0,12.0,1.0,10,13176,24838
10.0,20.5,9.0,1.0,9,15424,35221
10.0,68.5,6.0,1.0,10,13176,19660
10.0,31.5,12.0,1.0,7,35921,39408
10.0,39.0,11.5,1.0,9,15424,28199
10.0,74.0,11.0,1.0,9,15424,196
10.0,14.5,7.0,1.0,7,13176 21903,13176 21903
9.0,31.5,14.0,1.0,6,47626,1940
9.0,68.5,19.0,1.0,8,47977,23909
9.0,183.0,30.0,1.0,9,47977,16797
9.0,20.5,12.5,1.0,7,43631,33198
9.0,20.5,16.0,1.0,9,21137,13176
9.0,44.5,29.0,1.0,8,10673,47977
9.0,109.0,22.0,1.0,8,49520,24852
9.0,20.5,7.0,1.0,8,24852 39275,24852
9.0,68.5,21.0,1.0,7,49520,15424
9.0,68.5,14.0,1.0,9,10673,19488
9.0,14.5,5.0,1.0,8,21386,47626
9.0,27.0,15.5,1.5,6,49520,8859
9.0,20.5,8.0,1.0,7,10032,33198
9.0,74.0,30.0,1.0,9,21386,26165
9.0,27.0,5.0,1.0,8,24852,46654
9.0,51.0,17.0,1.0,8,21386,13176
9.0,51.0,27.0,1.0,8,24852,42450
9.0,44.5,22.5,1.0,9,24852,41844
9.0,39.0,25.0,1.0,8,24852,24852 16797
9.0,140.75,16.0,1.0,9,24852,40332
9.0,14.5,8.0,1.0,7,10032,1194
9.0,39.0,25.0,1.0,7,4920,4920
9.0,20.5,9.0,1.0,8,24852,23909
9.0,39.0,8.0,1.0,6,39408,35921
9.0,8.0,5.0,1.5,6,33731,33000
9.0,31.5,13.5,1.0,9,24852,9387
9.0,31.5,18.0,1.0,7,24852,4920
9.0,87.0,41.0,1.0,9,47672,47672
9.0,8.0,0.0,1.0,8,24852,432
9.0,14.5,5.5,1.0,6,27966,29447
9.0,20.5,16.0,1.0,8,9076,27966
9.0,44.5,16.5,1.0,8,6187,42240
9.0,31.5,6.0,1.0,9,19488,27325
9.0,39.0,13.0,1.5,6,8021,21386
9.0,31.5,4.0,1.0,8,46654,46654
9.0,57.0,10.0,1.0,8,44632,33198
9.0,27.0,11.5,2.0,5,23909,16797
9.0,27.0,10.5,1.0,8,25466,42240
9.0,27.0,22.0,1.0,7,196,19488
9.0,27.0,6.0,1.5,6,5785,20995
9.0,99.0,19.0,1.0,8,32650,42356
9.0,140.75,25.0,1.0,9,32650,26604
9.0,14.5,8.0,1.0,6,25466,10957
9.0,68.5,27.5,1.0,9,32650,12916
9.0,81.0,30.0,1.0,8,21333,32650
9.0,39.0,10.0,1.0,7,31506,49520
9.0,105.0,36.0,1.0,9,36316,31066
9.0,62.0,20.0,1.0,9,36316,27966
9.0,20.5,7.0,1.0,6,21709,24852 27966
9.0,14.5,8.0,1.0,7,45007,47209
9.0,68.5,25.5,1.0,9,31066,27344
9.0,14.5,9.0,1.0,8,1940,16797
9.0,27.0,12.5,1.0,7,20955,46842
9.0,51.0,17.5,1.0,9,39581,24852
9.0,31.5,15.0,1.0,8,21709,4920
9.0,27.0,13.0,1.0,9,10957,33198
9.0,14.5,7.0,1.0,7,16797,47141
9.0,20.5,11.5,1.0,9,16797,24852 16797
9.0,27.0,17.0,1.0,6,8859,49520
9.0,8.0,7.0,1.0,7,8859,49235
9.0,14.5,7.0,1.0,7,10957,8859
9.0,14.5,7.5,1.0,7,8859,42240
9.0,44.5,33.0,1.0,9,16797,25146
9.0,27.0,5.5,1.0,8,10957,5077
9.0,14.5,7.5,1.5,6,24852 27966,21709
9.0,51.0,23.0,1.0,8,47141,19488
9.0,51.0,18.0,1.0,8,16797,10032
9.0,57.0,29.0,1.0,7,8859,24852
9.0,14.5,5.0,1.0,7,16797,1940
9.0,14.5,5.5,1.0,7,19660,35221
9.0,20.5,8.0,1.0,8,16696,16797
9.0,8.0,4.0,1.0,7,16696,14233
9.0,51.0,14.0,1.0,8,16696,13176
9.0,93.0,19.5,1.0,9,35221,24852
9.0,39.0,17.0,1.0,7,11182,24852
9.0,159.0,27.0,1.0,9,33198,32650
9.0,31.5,11.0,1.0,7,33198,18523
9.0,8.0,6.0,1.0,7,26165,13176
9.0,31.5,10.0,1.0,8,33198,13176
9.0,44.5,15.0,1.0,9,14233,19488
9.0,14.5,8.0,2.0,5,42240,13176 49235
9.0,74.0,18.0,1.0,9,42240,49520
9.0,14.5,7.5,1.0,6,13176 49235,42240
9.0,14.5,10.0,1.0,9,42265,42265
9.0,8.0,2.0,1.0,7,42240,14715
9.0,27.0,4.5,1.0,8,2966,13176
9.0,31.5,10.0,1.0,9,42240,10032
9.0,8.0,7.0,1.0,8,42240,8859
9.0,51.0,21.5,1.0,8,27344,39275
9.0,27.0,7.0,1.0,7,27344,29447
9.0,31.5,7.0,1.0,8,1194,42240
9.0,14.5,12.0,1.0,7,41950,41950
9.0,44.5,20.5,1.0,7,15424,49520
9.0,20.5,6.0,1.0,9,13176,36316
9.0,81.0,24.0,1.0,9,25146,196
9.0,20.5,4.0,1.0,7,3957,27325
9.0,20.5,7.0,1.0,9,1194,13176
9.0,20.5,7.5,1.0,7,1194,10032
9.0,27.0,11.0,1.0,7,15424,23734
9.0,14.5,6.0,1.0,6,13176,10032
9.0,51.0,5.0,1.0,9,13176,2966
9.0,27.0,13.0,1.0,9,15424,13176
9.0,31.5,5.0,1.0,7,15424,9076
8.0,31.5,20.5,1.0,8,24852 5077,24852
8.0,27.0,12.0,1.0,7,32403,32403
8.0,31.5,13.0,1.0,8,24852 5077,5077
8.0,8.0,5.5,1.0,7,21137,5077
8.0,14.5,4.0,1.0,6,42450,33198
8.0,68.5,37.0,1.0,7,42450,24852
8.0,8.0,2.5,1.0,5,38456,2086
8.0,81.0,21.5,1.0,8,47209,47766
8.0,51.0,10.0,1.0,7,49520,42240
8.0,31.5,8.5,1.0,7,18523,33198
8.0,31.5,13.5,1.0,8,39108,19488
8.0,39.0,14.0,1.0,8,10673,27344
8.0,74.0,10.5,1.0,6,16953,15424
8.0,3.0,1.0,1.0,8,47209,13176
8.0,51.0,10.0,1.0,8,10032,16797
8.0,14.5,12.0,1.0,8,24852,49235
8.0,8.0,4.0,1.0,6,10032,13176
8.0,62.0,21.5,1.0,8,24852,41276
8.0,57.0,20.0,1.0,7,24852,39408
8.0,31.5,18.0,1.0,6,24852,24852 4920
8.0,87.0,40.0,1.0,8,24852,27344
8.0,57.0,15.0,1.0,7,24852,8859
8.0,93.0,16.0,1.0,8,27966,49235
8.0,8.0,4.5,2.0,5,33731,13176
8.0,20.5,8.0,1.0,7,19488,46654
8.0,99.0,23.0,1.0,7,27966,36316
8.0,14.5,2.5,1.0,8,33065,24852
8.0,39.0,17.0,1.0,8,19488,40332
8.0,27.0,13.0,1.0,8,19488,39108
8.0,8.0,2.5,1.0,6,14715,42240
8.0,27.0,6.5,1.0,7,23909,25146
8.0,31.5,9.0,1.0,7,23909,24852
8.0,14.5,6.0,1.0,6,5785,13176 21903
8.0,27.0,20.0,1.0,6,27966,4920
8.0,68.5,30.0,1.0,8,25466,24852
8.0,20.5,8.0,1.5,6,20995,5785
8.0,27.0,7.0,1.0,6,31683,27966
8.0,87.0,18.0,1.0,8,32650,28427
8.0,27.0,7.0,1.0,6,31683,21709
8.0,74.0,19.5,1.0,7,31683,16797
8.0,99.0,26.0,1.0,7,29447,32650
8.0,27.0,8.0,2.0,5,29447,21333
8.0,68.5,15.0,1.0,6,32650,3957
8.0,109.0,29.0,1.0,8,31506,47977
8.0,39.0,15.0,1.0,7,21333,16953
8.0,62.0,11.5,1.0,7,40310,40310
8.0,14.5,11.0,1.0,5,45007,45007
8.0,87.0,29.0,1.0,7,31506,19488
8.0,51.0,3.0,1.0,8,36316,13176
8.0,81.0,14.5,1.0,8,36316,7781
8.0,31.5,10.0,1.0,7,21709,35221
8.0,51.0,15.0,1.0,6,33000,20995
8.0,31.5,17.5,1.0,7,21709,24852 4920
8.0,44.5,21.0,1.0,8,16797 39275,16797
8.0,81.0,21.0,1.0,8,20955,32650
8.0,93.0,30.0,1.0,8,42356,32650
8.0,20.5,9.5,1.0,8,38739,13176
8.0,31.5,26.0,1.0,6,35561,35561
8.0,62.0,14.0,1.0,7,10957,13249
8.0,57.0,13.0,1.0,8,16797,31683
8.0,31.5,11.0,1.0,8,28427,42240
8.0,27.0,10.0,1.0,7,16797,16696
8.0,27.0,17.0,1.0,6,30776,8859
8.0,14.5,7.0,1.0,7,16696,36316
8.0,14.5,7.0,1.0,6,8859,10957
8.0,27.0,6.0,1.0,7,9076,10957
8.0,14.5,8.0,1.0,6,11182,27966
8.0,8.0,4.5,1.0,6,19660,5077
8.0,170.0,85.0,1.0,8,40332,42240
8.0,99.0,14.0,1.0,8,33198,44632
8.0,14.5,6.0,1.0,8,21292,21292
8.0,159.0,19.5,1.0,8,33198,31066
8.0,124.0,38.5,1.0,7,35898,49520
8.0,8.0,5.5,2.0,5,26165,21903
8.0,31.5,22.5,1.0,7,5077,24852 5077
8.0,14.5,7.0,1.0,5,33198,21709
8.0,44.5,9.0,1.0,8,14233,32650
8.0,3.0,1.0,1.0,8,33198,5077
8.0,14.5,6.0,1.0,5,33198,4799
8.0,27.0,16.0,1.0,6,26604,33198
8.0,14.5,6.0,1.0,7,5077,2966
8.0,74.0,37.5,1.0,7,35898,16797
8.0,27.0,14.0,1.0,8,28199,23909
8.0,20.5,5.0,1.0,7,26604,11182
8.0,31.5,16.5,1.0,6,43295,40332
8.0,20.5,14.0,1.0,8,28199,10673
8.0,74.0,29.0,1.0,8,28199,9076
8.0,27.0,13.0,1.0,7,2966,28199
8.0,20.5,13.0,1.5,6,30233,28985
8.0,27.0,10.0,1.0,8,42240,7781
8.0,39.0,11.0,2.0,5,42240,6187
8.0,27.0,7.0,1.0,7,25146,23909
8.0,27.0,14.0,1.0,8,49235,21333
8.0,99.0,19.0,1.0,8,27796,15424
8.0,20.5,8.0,1.0,6,14947,35221
8.0,51.0,14.0,1.0,6,3957,47209
8.0,8.0,7.0,1.0,6,49235,8859
8.0,99.0,43.5,1.0,8,27796,196
8.0,27.0,18.0,1.0,7,3957,32650
8.0,31.5,11.0,1.0,7,15424,36316
8.0,20.5,14.0,1.5,4,14947,8859
8.0,8.0,4.0,1.0,7,15424,26620
8.0,51.0,21.0,1.0,8,13176,7781
8.0,81.0,13.0,1.0,6,15424,16953
8.0,57.0,21.0,1.0,7,35921,20955
8.0,27.0,21.0,1.0,8,15424,12916
8.0,68.5,18.5,1.0,8,35921,16797
8.0,31.5,15.0,1.0,7,47626,47141
8.0,14.5,8.0,1.0,7,13176 21903,33000
8.0,44.5,13.0,1.0,7,18362,42240
8.0,20.5,5.5,1.0,7,47626,21386
8.0,14.5,5.5,1.0,6,13176 21903,5785
7.0,31.5,16.0,1.0,6,47626,9387
7.0,14.5,3.0,1.0,6,47977,47144
7.0,20.5,6.0,1.0,5,43154,43631
7.0,31.5,30.0,1.0,6,44632 35221,44632
7.0,20.5,12.5,1.0,5,43631,43154
7.0,8.0,2.0,1.0,4,45603,32650
7.0,20.5,4.0,1.0,7,21137,26604
7.0,62.0,26.0,1.0,6,47977,10673
7.0,8.0,5.0,1.0,5,21903,33731
7.0,39.0,17.5,1.0,7,21137,16797
7.0,20.5,13.5,1.0,5,43631,15424
7.0,14.5,9.0,1.0,7,27966 26604,39275
7.0,39.0,11.0,1.0,6,2120,47209
7.0,8.0,5.0,1.0,7,5876,5876
7.0,39.0,11.0,1.0,7,49520,49235
7.0,93.0,32.5,1.0,7,39108,42240
7.0,51.0,20.5,1.0,6,49520,41290
7.0,20.5,13.0,1.0,5,2120,28985
7.0,87.0,38.0,1.0,6,49520,35921
7.0,62.0,9.0,1.0,7,10673,36316
7.0,14.5,12.0,1.0,5,18523,21386
7.0,68.5,7.0,1.0,7,10673,27966
7.0,87.0,9.0,1.0,7,16953,19488
7.0,27.0,8.5,1.0,5,10032,49235
7.0,31.5,13.0,1.0,7,16953,9076
7.0,57.0,4.5,1.0,6,21386,47766
7.0,57.0,25.0,1.0,7,10673,13176
7.0,20.5,4.5,1.0,7,10032,42240
7.0,39.0,7.0,1.0,5,4920,24852 27966
7.0,20.5,9.0,2.0,5,39108,432
7.0,93.0,42.0,1.0,7,27966 39275,26604
7.0,135.0,25.5,1.0,7,27966 39275,24852
7.0,39.0,26.0,1.0,6,10032,25466
7.0,27.0,12.5,1.0,7,29487,29487
7.0,20.5,18.0,1.0,5,21386,22802
7.0,39.0,25.0,1.0,5,4920,24852 4920
7.0,39.0,7.0,1.0,5,4920,27966
7.0,14.5,5.0,1.0,4,21386,18523
7.0,39.0,7.0,1.0,5,4920,24852
7.0,31.5,9.5,1.0,7,10032,10957
7.0,39.0,7.0,1.0,5,4920,21709
7.0,44.5,8.0,1.0,7,24852,27796
7.0,74.0,23.5,1.0,7,24852,27325
7.0,51.0,29.0,1.0,7,24852,26165
7.0,135.0,54.5,1.0,7,43352,32650
7.0,31.5,11.0,1.0,7,24852,24184
7.0,68.5,21.0,1.0,6,24852 47626,1940
7.0,8.0,6.0,1.0,6,33731,13176 21903
7.0,31.5,18.0,1.0,6,10132,10132
7.0,74.0,27.0,1.0,7,43352,10673
7.0,20.5,8.0,1.0,5,23734,15424
7.0,31.5,30.0,1.0,5,44632,44632 35221
7.0,8.0,5.0,1.0,6,33731,21903
7.0,31.5,10.0,1.0,7,41844,49520
7.0,99.0,27.0,1.0,6,19488,46842
7.0,31.5,13.0,1.0,7,19488,46676
7.0,105.0,36.0,1.0,7,19488,37158
7.0,8.0,2.0,1.0,6,33065,15424
7.0,39.0,9.0,1.0,6,196,39275
7.0,87.0,24.0,1.0,7,19488,26165
7.0,14.5,13.0,1.0,6,27966,15424
7.0,27.0,14.5,1.0,7,47144,36316
7.0,39.0,7.0,2.0,5,20995,33000
7.0,14.5,5.0,1.0,7,27966,11182
7.0,115.5,33.5,1.0,7,196,31506
7.0,14.5,5.0,1.0,6,27966,5077
7.0,93.0,31.0,1.0,7,196,27966
7.0,39.0,9.0,1.0,6,196,24852
7.0,31.5,9.0,1.0,7,23909,13176
7.0,62.0,4.0,1.0,6,20995,21903
7.0,3.0,1.0,1.0,7,19488,4210
7.0,39.0,30.0,1.0,6,28204,28204
7.0,126.75,39.0,1.0,7,32650,29447
7.0,31.5,19.0,1.0,6,27086,27086
7.0,126.75,33.0,1.0,7,32650,21333
7.0,51.0,14.5,1.0,7,32650,20955
7.0,81.0,41.0,1.0,7,32650,15902
7.0,68.5,23.0,1.0,7,9387,16953
7.0,39.0,13.0,1.0,5,46842,10673
7.0,31.5,7.0,1.0,6,7781,36316
7.0,20.5,7.5,1.0,6,21333,29447
7.0,51.0,13.0,1.0,6,21333,27966
7.0,27.0,19.0,1.0,5,1940,24852 47626
7.0,27.0,11.0,1.0,7,36316,47144
7.0,20.5,14.0,1.0,5,33754,33754
7.0,27.0,16.0,1.0,7,7781,13176
7.0,20.5,12.0,1.0,7,36316,27344
7.0,8.0,5.5,1.0,7,36316,15424
7.0,20.5,8.0,1.0,6,45007,30233
7.0,31.5,17.0,1.0,5,21709,31683
7.0,39.0,7.0,1.0,5,24852 4920,24852 27966
7.0,8.0,4.0,1.0,5,26620,15424
7.0,20.5,14.0,1.0,6,45007,18523
7.0,31.5,28.5,2.0,4,21709,14947
7.0,14.5,7.0,1.0,7,27323,27323
7.0,44.5,8.0,1.0,7,31066,10957
7.0,140.75,53.0,1.0,7,31066,7751
7.0,39.0,25.0,1.0,5,24852 4920,24852 4920
7.0,39.0,7.0,1.0,5,24852 4920,27966
7.0,39.0,7.0,1.0,5,24852 4920,24852
7.0,39.0,7.0,1.0,5,24852 4920,21709
7.0,20.5,11.0,1.0,5,432,39108
7.0,31.5,9.5,1.0,7,38739,24852
7.0,39.0,25.0,1.0,5,24852 4920,4920
7.0,8.0,4.0,1.0,5,20842,5077
7.0,31.5,9.0,1.0,6,10957,35221
7.0,39.0,13.0,1.0,7,10957,31066
7.0,39.0,19.0,1.0,6,47141,47626
7.0,27.0,7.5,1.0,7,9387,24852
7.0,44.5,7.0,1.0,7,10957,16953
7.0,14.5,7.0,1.0,6,6046,24852
7.0,31.5,30.0,1.0,7,16797,35221
7.0,27.0,11.0,1.0,7,16797,33129
7.0,31.5,30.0,1.0,5,35221,44632 35221
7.0,62.0,19.5,1.0,7,10957,10032
7.0,20.5,7.0,1.0,6,42356,5077
7.0,27.0,7.0,1.0,5,35561,13176
7.0,14.5,9.0,1.0,6,6046,6046
7.0,20.5,10.0,1.0,5,8859,30776
7.0,57.0,12.5,1.0,7,16696,46842
7.0,51.0,23.5,1.0,6,16696,41290
7.0,8.0,4.0,1.0,7,19660,47209
7.0,99.0,15.0,1.0,7,16797,196
7.0,3.0,2.0,1.0,7,19660,33000
7.0,31.5,12.0,1.0,7,11182,32650
7.0,57.0,13.0,2.0,5,19660,21903
7.0,14.5,5.5,1.0,5,35221,19660
7.0,8.0,4.5,1.0,5,35221,15424
7.0,20.5,8.0,1.0,6,35221,14947
7.0,62.0,24.5,1.0,7,17600,17600
7.0,8.0,4.5,1.0,5,35221,10957
7.0,27.0,13.0,1.0,6,9076,47977
7.0,8.0,5.0,1.0,4,11182,5077
7.0,39.0,10.0,1.0,5,40332,43295
7.0,20.5,8.5,1.0,6,33198,45007
7.0,14.5,6.0,1.0,5,33198,43631
7.0,14.5,10.5,1.0,6,26165,32650
7.0,14.5,0.5,1.0,7,40332,31066
7.0,68.5,10.0,1.0,7,5077,41844
7.0,74.0,11.0,1.0,7,26604,27966 39275
7.0,31.5,19.0,1.0,7,40332,24852
7.0,20.5,18.0,1.0,7,26165,24852
7.0,20.5,13.0,1.0,6,5077,26165
7.0,140.75,8.5,1.0,7,26604,27966 26604
7.0,14.5,10.5,1.0,7,40332,10957
7.0,39.0,15.0,1.0,7,4210,24852
7.0,81.0,34.0,1.0,7,26604,28199
7.0,105.0,23.0,1.0,7,42240,40332
7.0,68.5,12.0,1.0,7,42240,32691
7.0,124.0,68.0,1.0,7,42240,27086
7.0,27.0,13.0,2.0,5,30233,45007
7.0,62.0,16.5,1.0,7,43772,43772
7.0,44.5,10.0,1.0,7,43295,24838
7.0,31.5,9.0,1.0,7,42240,18362
7.0,81.0,26.0,1.0,7,43772,32650
7.0,31.5,13.0,1.0,7,42240,4210
7.0,27.0,4.0,1.0,6,47766,21386
7.0,20.5,4.0,1.0,5,4799,33198
7.0,27.0,22.5,1.0,7,25146,20995
7.0,8.0,3.0,1.0,6,48205,40332
7.0,20.5,3.0,1.0,6,2086,25466
7.0,99.0,60.0,1.0,7,49235,21137
7.0,93.0,36.0,1.0,7,39275,27344
7.0,62.0,13.0,1.0,7,2086,21903
7.0,31.5,9.5,1.0,6,13176,35561
7.0,14.5,8.0,1.0,5,49235,10032
7.0,27.0,12.0,1.0,7,13176,27344
7.0,68.5,37.5,1.0,7,39275,10673
7.0,31.5,11.5,2.0,5,1194,21386
7.0,57.0,4.5,1.0,6,13176,21386
7.0,8.0,3.5,1.0,7,13176,18362
7.0,14.5,8.5,1.0,5,15424,27966
7.0,57.0,23.5,1.0,6,15424,27796
7.0,14.5,13.0,1.0,7,15424,23909
7.0,74.0,20.0,1.0,7,13176,10673
7.0,31.5,8.0,1.0,7,13176,3957
7.0,27.0,23.0,1.0,7,15424,16797
6.0,20.5,6.0,1.0,6,18362,24852
6.0,68.5,27.5,1.0,6,4210,42240
6.0,14.5,9.0,1.0,5,18362,13176
6.0,109.0,25.0,1.0,6,47977,35221
6.0,20.5,5.0,1.0,5,18362,1194
6.0,31.5,30.0,1.0,5,44632 35221,35221
6.0,115.5,19.0,1.0,6,47977,16696
6.0,14.5,12.0,1.0,6,27966 26604,27966 39275
6.0,20.5,6.0,1.0,5,21903,26165
6.0,39.0,7.5,1.0,5,21903,20995
6.0,57.0,14.0,1.5,4,21903,19660
6.0,57.0,11.5,1.0,5,21903,8021
6.0,8.0,4.0,1.0,6,38456,24852
6.0,74.0,11.5,1.0,6,21903,2086
6.0,68.5,25.0,1.0,5,32691,42240
6.0,99.0,13.0,1.0,6,32691,24852
6.0,8.0,6.0,1.0,5,24852 39275,24852 39275
6.0,51.0,20.0,1.0,6,32691,16797
6.0,31.5,27.5,1.0,5,49520,35221
6.0,20.5,8.0,1.0,6,24852 39275,32650
6.0,27.0,8.0,1.0,6,49683,49683
6.0,27.0,8.0,1.5,4,47209,30233
6.0,31.5,7.0,1.0,5,2120,18523
6.0,20.5,4.5,1.0,6,16953,21333
6.0,3.0,1.5,1.0,6,47209,19660
6.0,27.0,7.0,3.0,3,10032,24852 27966
6.0,51.0,10.0,1.0,4,28985,30233
6.0,93.0,28.0,1.0,6,16953,13176
6.0,8.0,5.0,1.0,5,26209,47626
6.0,20.5,4.5,1.0,6,10673,10957
6.0,8.0,3.5,1.0,5,21386,42240
6.0,39.0,15.0,1.5,4,28985,18523
6.0,31.5,5.0,1.0,6,47209,2120
6.0,31.5,20.0,1.0,6,10032,31683
6.0,20.5,12.0,1.0,6,10032,31506
6.0,20.5,6.0,1.0,6,21386,32650
6.0,31.5,20.0,1.0,5,10032,24852 4920
6.0,27.0,7.0,3.0,3,10032,27966
6.0,31.5,26.0,1.0,5,10032,27325
6.0,27.0,13.0,1.0,4,4920,33198
6.0,27.0,21.0,1.0,4,4920,31683
6.0,51.0,28.0,1.0,5,10132,47977
6.0,14.5,6.5,1.0,6,24852,39581
6.0,31.5,20.0,1.0,5,10032,4920
6.0,74.0,24.5,1.0,6,24852,35921
6.0,31.5,11.0,1.0,6,24852,21938
6.0,27.0,7.5,1.0,5,21938,21938
6.0,8.0,7.0,1.0,5,24852,8424
6.0,44.5,14.5,1.0,5,10132,5077
6.0,31.5,16.5,1.0,6,24852,4210
6.0,31.5,11.5,1.0,6,39408,24852
6.0,51.0,21.5,1.0,6,27966,44632
6.0,87.0,36.0,1.0,6,41844,47977
6.0,14.5,7.0,1.0,5,27966,39108
6.0,62.0,21.0,1.0,5,19488,47141
6.0,31.5,9.5,1.0,6,23909,47672
6.0,8.0,6.0,1.0,5,9076,41276
6.0,20.5,14.0,1.5,4,27966,31683
6.0,27.0,20.0,1.0,4,27966,24852 4920
6.0,20.5,5.0,1.0,5,47144,47977
6.0,44.5,12.0,1.0,6,19488,31683
6.0,39.0,10.0,1.0,6,41844,27344
6.0,68.5,24.0,1.0,6,47144,39275
6.0,93.0,16.0,1.0,6,19488,27796
6.0,51.0,34.0,1.0,6,19488,25466
6.0,51.0,14.0,1.0,5,23909,26165
6.0,51.0,8.0,1.0,5,27966,10032
6.0,20.5,8.5,1.0,4,23909,20995
6.0,57.0,18.0,1.0,6,196,28199
6.0,99.0,36.0,1.0,6,196,27796
6.0,20.5,17.0,1.0,6,23909,15424
6.0,20.5,7.0,1.0,5,20995,23909
6.0,8.0,5.0,1.0,6,44632,24852
6.0,39.0,18.0,1.0,6,196,21386
6.0,109.0,24.0,1.0,5,8021,3957
6.0,44.5,28.0,1.0,5,27325,25466
6.0,44.5,16.0,1.0,6,196,16953
6.0,27.0,14.0,1.0,5,19488,432
6.0,14.5,9.5,1.0,6,27325,19488
6.0,31.5,6.0,1.0,6,46654,19488
6.0,124.0,27.0,1.0,6,31683,31066
6.0,31.5,24.0,1.0,6,21137 27966,27966
6.0,68.5,31.5,1.0,6,28204,24852
6.0,20.5,9.0,1.0,4,29447,48205
6.0,31.5,4.0,1.0,5,27325,3957
6.0,39.0,23.0,1.0,5,25466,10032
6.0,39.0,25.0,1.0,5,31683,15290
6.0,51.0,17.0,1.0,6,46842,24852
6.0,20.5,2.0,1.0,6,25466,2086
6.0,39.0,21.0,1.0,6,46088,46088
6.0,62.0,19.0,1.0,6,32650,10132
6.0,39.0,22.5,1.0,5,41290,49520
6.0,152.0,20.5,1.0,6,21333,39275
6.0,148.0,28.0,1.0,6,21333,26604
6.0,51.0,31.0,1.0,5,30489,30489
6.0,51.0,13.0,1.0,6,41290,27344
6.0,27.0,7.0,1.0,5,24184,24852
6.0,39.0,18.0,1.0,6,7781,19488
6.0,62.0,24.0,1.0,6,36316,38739
6.0,62.0,3.5,1.0,6,21333,10957
6.0,31.5,7.0,1.0,5,33000,13176 21903
6.0,31.5,30.0,1.5,4,21709,44632
6.0,20.5,16.0,1.0,4,22802,21386
6.0,8.0,4.0,1.0,4,26620,26620
6.0,20.5,8.5,1.0,5,33000,19660
6.0,8.0,7.0,1.0,6,36316,432
6.0,44.5,18.5,1.0,5,1940,10957
6.0,14.5,10.0,1.0,5,21709,15424
6.0,39.0,18.5,1.0,6,20955,41290
6.0,20.5,10.0,1.0,6,21709,10957
6.0,20.5,3.5,1.0,6,39581,16696
6.0,20.5,2.5,1.0,6,39581,15424
6.0,27.0,21.0,1.0,4,24852 4920,31683
6.0,20.5,11.0,1.0,5,45007,2120
6.0,27.0,19.5,1.0,5,2078,2078
6.0,44.5,15.0,1.0,6,42356,47977
6.0,62.0,15.0,1.0,6,9387,33198
6.0,8.0,7.0,1.5,4,8859,13176 49235
6.0,99.0,22.0,1.0,6,10957,26604
6.0,44.5,18.5,1.0,5,15290,31683
6.0,20.5,14.0,1.5,4,24852 27966,31683
6.0,44.5,16.0,1.0,6,16797,32691
6.0,27.0,20.0,1.0,4,24852 27966,24852 4920
6.0,51.0,25.0,1.0,6,10957,10673
6.0,39.0,19.0,1.0,6,47141,26209
6.0,14.5,6.5,1.5,4,9387,10032
6.0,27.0,10.0,1.0,5,28465,28465
6.0,8.0,5.0,1.0,5,24852 44632,44632
6.0,51.0,9.0,1.0,6,10957,1940
6.0,39.0,19.0,1.0,4,16797,20995
6.0,39.0,29.0,1.0,6,16696,47977
6.0,285.5,40.5,1.0,6,16797,13249
6.0,27.0,9.5,1.0,5,16696,47141
6.0,51.0,30.0,1.0,5,47141,10032
6.0,27.0,20.0,1.0,4,24852 27966,4920
6.0,20.5,13.0,1.0,6,9076,5077
6.0,20.5,14.0,1.5,4,8859,14947
6.0,3.0,1.0,1.0,6,8859,14233
6.0,8.0,7.0,1.5,4,8859,13176
6.0,57.0,40.0,1.0,6,46676,9076
6.0,14.5,13.0,1.0,6,16696,23909
6.0,20.5,13.0,1.0,5,11182,39275
6.0,8.0,5.0,1.0,4,11182,39108
6.0,31.5,5.0,1.0,6,19660,27966
6.0,14.5,5.0,1.0,5,28427,2966
6.0,8.0,1.5,1.0,5,11182,26604
6.0,57.0,4.5,1.0,5,19660,13176
6.0,14.5,9.0,1.0,5,11182,21137
6.0,39.0,5.0,1.0,5,16696,2966
6.0,20.5,4.0,1.0,6,22963,22963
6.0,20.5,7.0,1.0,5,33198,24852 27966
6.0,31.5,7.5,1.0,6,39993,39993
6.0,14.5,11.0,1.0,5,40332,39581
6.0,8.0,1.0,1.0,4,33198,42450
6.0,20.5,14.0,1.0,6,33198,35221
6.0,51.0,24.0,1.0,6,5077,42450
6.0,99.0,12.5,1.0,6,5077,42356
6.0,14.5,8.0,1.0,6,5077,41950
6.0,3.0,0.5,1.0,5,40332,23734
6.0,109.0,17.0,1.0,6,33198,24838
6.0,170.0,7.0,1.0,6,40332,20955
6.0,68.5,26.5,1.0,6,33198,19488
6.0,8.0,6.5,1.5,4,34969,13176
6.0,39.0,18.5,1.0,5,33198,14947
6.0,39.0,7.0,1.0,6,5077,21333
6.0,27.0,15.5,1.5,4,40332,9387
6.0,14.5,13.0,1.0,6,26604,49235
6.0,8.0,4.0,1.0,4,5077,19660
6.0,51.0,21.5,1.0,5,5077,19348
6.0,39.0,7.0,1.0,5,33198,10032
6.0,8.0,5.0,1.0,5,26604,39108
6.0,115.5,31.0,1.0,6,4210,32650
6.0,8.0,1.0,1.0,6,14233,8859
6.0,57.0,7.0,1.0,5,4210,13176
6.0,51.0,13.0,1.0,6,26604,10957
6.0,31.5,10.5,1.0,6,42240,41950
6.0,57.0,54.0,1.0,6,42240,39108
6.0,8.0,5.0,1.0,5,26604,5077
6.0,8.0,5.0,1.0,6,13176 39275,39275
6.0,115.5,78.0,1.0,6,28199,7781
6.0,31.5,13.0,1.0,6,30233,47209
6.0,62.0,20.0,1.0,6,47766,47209
6.0,44.5,4.0,1.0,6,2966,28427
6.0,27.0,14.0,1.0,6,42240,25466
6.0,31.5,12.0,1.0,6,42240,21386
6.0,8.0,7.0,1.5,4,13176 49235,8859
6.0,31.5,28.0,1.0,6,25146,41290
6.0,39.0,19.0,1.0,6,25146,40332
6.0,62.0,30.0,1.0,5,43295,2086
6.0,31.5,8.0,1.0,6,30233,18523
6.0,20.5,5.5,1.0,5,42265,5785
6.0,99.0,43.0,1.0,6,27796,42240
6.0,57.0,36.5,1.0,6,15902,33198
6.0,57.0,8.0,1.0,6,15902,32650
6.0,20.5,3.5,1.0,6,39275,47977
6.0,20.5,13.0,1.0,6,27344,25146
6.0,57.0,36.0,1.0,6,27344,24852
6.0,27.0,13.0,1.0,6,25146,27344
6.0,44.5,14.0,1.0,6,24852 16797,32650
6.0,68.5,23.0,1.0,5,2086,43295
6.0,87.0,34.0,1.0,6,27796,33129
6.0,109.0,15.0,1.0,6,49235,33198
6.0,20.5,17.5,1.5,4,14947,49520
6.0,93.0,20.0,1.0,6,27796,24852
6.0,31.5,7.0,1.0,5,25146,15424
6.0,99.0,21.0,1.0,6,27344,5077
6.0,14.5,14.0,1.0,6,39275,21019
6.0,27.0,15.0,1.0,5,13176,33198
6.0,81.0,37.0,1.0,6,39275,16953
6.0,93.0,29.0,1.0,6,13176,31981
6.0,20.5,17.0,3.0,3,15424,43631
6.0,105.0,48.5,1.0,6,35921,47977
6.0,27.0,11.0,1.0,6,15424,40332
6.0,31.5,25.0,1.0,6,39275,11182
6.0,31.5,13.5,1.0,4,3957,33129
6.0,31.5,6.0,1.0,6,5025,5025
6.0,14.5,10.5,1.0,6,13176,21019
6.0,99.0,30.0,1.0,6,39275,2966
6.0,105.0,70.0,1.0,6,35921,36316
6.0,14.5,12.0,1.0,5,15424,25146
6.0,14.5,11.0,1.5,4,1194,9387
6.0,8.0,7.0,1.5,4,13176,8859
6.0,44.5,18.5,1.0,6,3957,13176
6.0,14.5,4.5,1.0,5,13176,1463
6.0,14.5,5.0,1.0,4,13176 21903,33731
6.0,27.0,6.0,1.0,5,47626,33754
6.0,20.5,14.0,1.0,6,47626,33198
6.0,20.5,11.0,1.0,4,47626,21709
5.0,44.5,23.0,1.0,4,8859,10032
5.0,148.0,17.0,1.0,5,43295,19660
5.0,8.0,6.0,1.5,4,21137,39108
5.0,14.5,8.5,1.0,4,21903,42265
5.0,31.5,21.5,1.0,5,21137,28199
5.0,31.5,11.0,1.0,4,21903,35561
5.0,31.5,26.5,1.0,3,47977,10032
5.0,14.5,4.5,1.5,4,21137,20842
5.0,74.0,14.0,1.0,5,21903,21386
5.0,14.5,5.5,1.0,4,21137,11182
5.0,105.0,12.0,1.0,5,13249,32650
5.0,87.0,47.0,1.0,5,42450,33129
5.0,93.0,31.5,1.0,5,42450,5077
5.0,3.0,1.0,1.0,4,42450,3957
5.0,14.5,4.5,1.0,4,5876,21386
5.0,81.0,50.5,1.0,5,26348,41844
5.0,39.0,11.0,1.0,4,2120,45007
5.0,44.5,13.5,1.0,5,18523,47209
5.0,27.0,8.0,1.0,4,47209,45007
5.0,27.0,18.0,1.5,4,10673,46842
5.0,20.5,5.0,1.0,5,26209,47626 26209
5.0,39.0,11.0,1.5,4,2120,30233
5.0,105.0,30.0,1.0,5,39108,32650
5.0,57.0,14.0,1.0,4,18523,30233
5.0,57.0,20.0,1.0,4,18523,28985
5.0,44.5,21.0,1.0,5,47209,33000
5.0,44.5,26.0,1.0,5,47209,30489
5.0,57.0,26.0,1.0,5,47209,24852
5.0,27.0,17.0,1.0,4,49520,19348
5.0,31.5,11.0,1.0,5,47209,18523
5.0,135.0,21.0,1.0,5,49520,12916
5.0,31.5,16.0,1.0,5,49520,9076
5.0,135.0,60.0,1.0,5,33129,41844
5.0,31.5,24.5,1.0,5,29487,47626
5.0,126.75,30.0,1.0,5,49683,24852
5.0,93.0,19.0,1.0,5,47209,3957
5.0,8.0,4.5,1.5,4,24852,24852 44632
5.0,31.5,11.0,1.0,5,21386,33198
5.0,20.5,6.0,1.0,4,21386,33129
5.0,126.75,35.0,1.0,5,24852,24852 39408
5.0,62.0,22.0,1.0,5,33129,24852
5.0,14.5,6.0,1.0,5,21386,24838
5.0,27.0,12.5,1.0,4,28985,2120
5.0,51.0,21.0,1.0,5,24852,16797 39275
5.0,74.0,16.0,1.0,5,10032,21386
5.0,39.0,19.0,1.0,5,16965,16965
5.0,44.5,15.0,1.0,5,26209,9387
5.0,20.5,10.0,1.0,4,24852,39877
5.0,44.5,15.0,1.0,4,21386,5876
5.0,31.5,19.0,1.0,4,24852 47626,21709
5.0,51.0,28.0,1.0,4,10132,32650
5.0,39.0,15.0,1.0,5,24852,34050
5.0,62.0,17.0,1.0,4,4920,10032
5.0,31.5,29.5,1.0,4,21386,196
5.0,81.0,36.0,1.0,5,24852,28204
5.0,115.5,30.0,1.0,5,23734,32650
5.0,39.0,34.5,1.0,5,24852,17122
5.0,8.0,7.0,1.0,5,21938,24852
5.0,68.5,24.0,1.0,5,24852,14947
5.0,31.5,15.0,1.0,4,21938,19488
5.0,74.0,17.0,1.0,5,27966,24852 39275
5.0,20.5,10.0,1.0,5,24852,8193
5.0,20.5,8.0,1.0,5,24852,6046
5.0,8.0,5.0,1.0,5,33065,42240
5.0,20.5,16.0,1.0,5,27966,13176 27966
5.0,20.5,13.0,1.5,4,27966,39877
5.0,14.5,4.0,1.0,5,9076,43295
5.0,105.0,30.0,1.0,5,23909,47977
5.0,44.5,34.5,1.0,5,41844,36316
5.0,14.5,4.5,1.0,5,33065,16696
5.0,14.5,7.0,1.5,4,5258,23288
5.0,57.0,19.0,1.0,5,196,47144
5.0,31.5,19.0,1.0,5,27966,21333
5.0,8.0,5.0,1.0,5,27966,20842
5.0,31.5,5.0,1.0,5,27966,19660
5.0,87.0,9.0,1.5,4,8021,21903
5.0,39.0,24.0,1.0,5,41844,20955
5.0,20.5,5.0,1.0,5,33065,2120
5.0,20.5,5.5,1.0,3,5785,42265
5.0,68.5,11.0,1.0,5,41844,15424
5.0,27.0,7.0,1.0,3,31683,24852 27966
5.0,44.5,2.0,1.0,5,47144,27966
5.0,31.5,28.0,1.0,5,19488,14715
5.0,68.5,17.5,1.0,5,27325,33198
5.0,44.5,28.0,1.0,5,44632,27966
5.0,31.5,30.0,1.5,4,44632,21709
5.0,8.0,6.0,1.0,3,5785,26165
5.0,62.0,30.0,1.0,5,24838,36316
5.0,51.0,8.0,1.0,5,32650,46842
5.0,44.5,26.0,1.0,5,31683,24852 4920
5.0,57.0,24.5,1.0,5,46842,42240
5.0,31.5,26.0,1.0,4,27325,10032
5.0,27.0,14.0,1.5,4,21137 27966,21137
5.0,51.0,15.0,1.0,4,46842,35921
5.0,44.5,21.0,1.0,5,31683,19488
5.0,31.5,12.0,1.0,5,32650,26165
5.0,14.5,6.5,1.0,5,31683,16696
5.0,14.5,6.0,1.0,4,29447,40332
5.0,105.0,14.0,1.0,4,46842,19488
5.0,93.0,30.0,1.0,5,31683,5077
5.0,44.5,26.0,1.0,5,31683,4920
5.0,27.0,12.5,1.5,4,45007,47209 45007
5.0,109.0,9.0,1.0,5,21195,33198
5.0,20.5,10.0,1.0,4,33754,47626
5.0,81.0,18.0,1.0,4,21195,24852
5.0,3.0,1.0,1.0,5,36316,49235
5.0,31.5,21.0,1.0,5,21019,25466
5.0,31.5,29.0,1.0,4,41290,25146
5.0,57.0,18.0,1.5,4,41290,16696
5.0,51.0,19.0,1.0,4,30489,14947
5.0,8.0,3.0,1.0,5,35914,35914
5.0,39.0,3.0,1.0,5,21333,5077
5.0,74.0,14.0,1.0,5,1463,32650
5.0,31.5,10.0,1.0,4,21709,47626
5.0,14.5,6.0,1.5,4,33000,33731
5.0,20.5,17.0,1.0,5,36316,16953
5.0,20.5,11.0,1.0,5,36316,16797
5.0,152.0,16.0,1.0,5,36316,16696
5.0,20.5,13.0,1.0,5,19348,24852
5.0,20.5,10.0,1.0,4,21709,39877
5.0,20.5,13.5,1.0,5,20114,31683
5.0,20.5,11.0,1.0,5,39581,42240
5.0,20.5,13.0,1.5,4,45007,28985
5.0,140.75,31.0,1.0,5,31066,31683
5.0,3.0,0.5,1.0,4,31066,23734
5.0,31.5,27.0,1.0,4,19348,5077
5.0,31.5,19.0,1.0,5,33000,2086
5.0,8.0,2.0,1.0,5,35951,35951
5.0,99.0,14.0,1.0,5,20955,40332
5.0,27.0,13.0,1.0,3,24852 4920,33198
5.0,62.0,7.0,1.0,4,20955,35921
5.0,62.0,30.0,1.0,5,20955,31506
5.0,44.5,14.0,1.0,4,41276,46842
5.0,27.0,18.0,1.0,5,20955,27344
5.0,68.5,11.0,1.0,5,10957,47141
5.0,39.0,14.0,1.0,5,9387,47626
5.0,8.0,7.0,1.0,5,432,36316
5.0,31.5,11.0,1.0,4,9387,40332
5.0,39.0,17.0,1.0,5,28993,19488
5.0,44.5,20.5,1.0,5,432,24852
5.0,20.5,9.0,1.0,5,41276,19488
5.0,51.0,30.0,2.0,3,15290,32650
5.0,20.5,13.0,1.5,4,24852 27966,39877
5.0,68.5,11.0,1.0,5,10957,21709
5.0,27.0,11.5,1.0,5,16797,39108
5.0,8.0,7.0,1.0,4,9387,21386
5.0,51.0,26.0,1.0,5,47141,36316
5.0,105.0,14.0,1.0,5,12916,40332
5.0,20.5,14.0,1.0,4,24852 27966,33198
5.0,44.5,17.0,1.0,3,8859,46676
5.0,39.0,7.0,1.0,5,9387,13176
5.0,68.5,21.0,1.0,5,24852 39408,24852
5.0,62.0,19.0,1.0,5,16797,26165
5.0,8.0,7.0,1.0,5,8859,39275
5.0,51.0,23.0,1.5,4,47141,21709
5.0,14.5,9.0,1.0,5,10957,196
5.0,31.5,12.0,1.5,4,8859,34050
5.0,27.0,14.0,1.5,4,9387,1194
5.0,51.0,37.0,1.0,5,47141,10957
5.0,20.5,8.0,1.0,5,11182,24852 39275
5.0,99.0,23.0,1.0,5,8859,27325
5.0,51.0,8.0,1.5,4,24852 27966,10032
5.0,39.0,20.0,1.0,5,19660,49235
5.0,8.0,4.0,1.0,5,47141,5077
5.0,27.0,14.5,1.0,5,16696,39581
5.0,44.5,23.5,1.0,5,46676,19488
5.0,20.5,16.0,1.0,4,19660,43295
5.0,14.5,10.0,1.0,3,24852 44632,24852
5.0,20.5,3.0,1.5,4,8859,15902
5.0,31.5,19.0,1.0,5,16696,35221
5.0,14.5,8.0,1.0,5,16797,432
5.0,62.0,30.0,1.0,5,16696,33198
5.0,20.5,10.0,1.0,4,16696,28427
5.0,27.0,11.0,2.0,3,33198,47209 45007
5.0,20.5,8.0,1.0,5,19660,25466
5.0,62.0,31.0,1.0,5,46676,432
5.0,27.0,20.5,1.0,5,8193,8193
5.0,14.5,5.0,1.0,4,11182,20842
5.0,124.0,18.0,1.0,5,35221,13176
5.0,44.5,24.0,1.0,5,31981,13176
5.0,8.0,6.5,2.0,3,34969,13176 49235
5.0,8.0,6.5,2.0,3,34969,49235
5.0,20.5,8.0,1.0,4,47209 45007,47209
5.0,62.0,26.0,1.0,5,40332,47626
5.0,20.5,12.5,1.0,4,47209 45007,45007
5.0,14.5,13.0,1.0,5,33198,49235
5.0,8.0,7.0,1.0,5,33198,47626
5.0,27.0,11.0,1.0,5,39993,33198
5.0,20.5,10.0,1.0,4,33198,39877
5.0,8.0,7.0,1.0,4,34969,34969
5.0,8.0,7.0,1.0,5,5077,47141
5.0,20.5,11.0,1.0,4,47209 45007,33198
5.0,20.5,8.0,1.5,4,26165,13176 21903
5.0,31.5,8.5,1.0,5,17122,28199
5.0,20.5,8.5,1.0,4,33198,24852 4920
5.0,39.0,11.0,1.0,5,40332,25146
5.0,57.0,12.0,1.0,5,33198,28199
5.0,31.5,13.0,1.5,4,33198,26604
5.0,99.0,42.0,1.0,5,33198,21386
5.0,27.0,8.0,1.5,4,40332,15424
5.0,115.5,16.0,1.0,5,28199,21137 39275
5.0,214.0,31.0,1.0,5,33198,16759
5.0,170.0,7.0,1.0,5,40332,12916
5.0,62.0,30.0,1.0,5,33198,15902
5.0,3.0,1.0,1.0,5,14233,26165
5.0,14.5,4.0,1.0,5,5077,21137
5.0,39.0,6.0,1.5,4,33129,3957
5.0,74.0,29.0,1.0,5,33198,10957
5.0,39.0,7.5,1.0,5,33198,10673
5.0,74.0,30.0,1.0,5,33198,9387
5.0,8.0,5.0,1.0,5,26165,5785
5.0,27.0,13.0,1.0,5,26165,5077
5.0,20.5,8.5,1.0,4,33198,4920
5.0,8.0,5.5,1.0,3,5077,11182
5.0,68.5,5.0,1.0,5,5077,9387
5.0,20.5,16.5,1.0,5,42240,21137 39275
5.0,51.0,19.5,1.5,4,14233,2086
5.0,14.5,4.0,1.5,4,43961,33000
5.0,159.0,41.0,1.0,5,26604,21333
5.0,8.0,4.0,1.0,5,26604,20842
5.0,27.0,24.0,1.0,5,28199,24838
5.0,87.0,19.0,1.0,5,42240,46842
5.0,44.5,13.0,1.0,5,26604,15424
5.0,8.0,7.0,1.0,4,2966,47144
5.0,20.5,12.5,1.0,5,43295,42240
5.0,39.0,6.5,1.0,5,28199,4210
5.0,93.0,26.0,1.0,5,42240,28427
5.0,14.5,8.0,1.5,4,23288,5258
5.0,27.0,4.0,1.0,4,2966,16696
5.0,20.5,8.5,1.5,4,21137 26604,21137
5.0,39.0,8.5,1.0,5,2966,9076
5.0,20.5,7.0,1.0,4,42265,13176
5.0,14.5,6.5,1.0,4,4799,47209
5.0,39.0,20.0,1.0,5,39275,27966 26604
5.0,31.5,30.0,2.0,3,44632 21709,44632
5.0,31.5,9.0,1.0,5,39275,47144
5.0,27.0,17.5,1.0,5,27344,21137
5.0,8.0,7.0,1.0,4,49235,34969
5.0,44.5,21.0,1.0,5,24852 16797,28199
5.0,20.5,13.0,1.0,4,30233,2120
5.0,8.0,1.0,1.0,4,2086,38456
5.0,81.0,34.0,1.0,5,27344,18362
5.0,99.0,32.0,1.0,5,27796,23734
5.0,39.0,13.0,1.0,5,27344,13176
5.0,74.0,30.0,1.0,5,25146,14233
5.0,74.0,14.0,1.0,5,27344,10673
5.0,14.5,11.0,1.0,5,13176,42265
5.0,62.0,30.0,1.0,3,49235,19660
5.0,31.5,30.0,2.0,3,44632 21709,14947
5.0,14.5,7.0,1.0,5,13176,38739
5.0,31.5,16.0,1.0,5,14947,33198
5.0,27.0,14.0,1.0,5,25146,2086
5.0,8.0,7.0,1.0,4,13176,34969
5.0,3.0,1.0,1.5,4,3957,42450
5.0,68.5,27.0,1.0,5,2086,14233
5.0,124.0,34.0,1.0,5,14947,24852
5.0,39.0,7.0,1.0,5,13176,28427
5.0,57.0,20.0,1.0,4,35921,46842
5.0,31.5,30.0,1.5,4,14947,21709
5.0,51.0,30.0,1.0,5,1194,25146
5.0,44.5,13.0,1.5,4,15424,35921
5.0,44.5,18.0,1.0,5,39275,196
5.0,74.0,13.5,1.0,5,15424,27344
5.0,8.0,4.0,1.0,5,1194,12916
5.0,57.0,18.0,1.0,5,21616,23909
5.0,57.0,25.0,1.0,5,21616,21616
5.0,39.0,17.0,1.0,5,13176,9387
5.0,31.5,12.0,1.0,5,15424,21709
5.0,8.0,3.5,2.0,3,45190,31683
5.0,68.5,33.0,1.0,5,13176,4210
5.0,105.0,54.0,1.0,5,35921,13176
5.0,14.5,9.0,1.0,5,39877,33198
5.0,3.0,1.0,1.0,4,15424,4210
5.0,14.5,9.5,1.0,5,13176 21903,42265
5.0,68.5,17.0,1.0,4,47626,49520
5.0,31.5,14.5,1.0,3,13176 21903,35561
5.0,14.5,7.0,1.5,4,39877,21709
5.0,148.0,14.0,1.0,5,47626,42450
5.0,31.5,20.5,1.0,5,47626,40332
5.0,27.0,6.0,2.0,3,13176 21903,26165
5.0,74.0,23.0,1.0,5,47626,19488
5.0,31.5,30.0,1.5,4,44632 35221,44632 35221
4.0,62.0,14.5,1.0,4,47626,10957
4.0,51.0,13.0,1.0,4,31683,24184
4.0,20.5,11.0,1.0,4,47977,46842
4.0,14.5,7.5,1.0,3,18362,10032
4.0,31.5,13.0,1.0,4,47977,37158
4.0,3.0,1.0,1.0,3,38444,41276
4.0,51.0,6.0,1.0,4,5450,33198
4.0,14.5,13.0,1.0,4,24852 5077,24852 5077
4.0,31.5,30.0,1.0,3,43631,44632
4.0,31.5,18.0,1.0,3,47977,19348
4.0,27.0,9.5,1.0,4,43154,19488
4.0,3.0,1.0,1.0,4,24852 28199,24852
4.0,31.5,30.0,1.0,3,43631,35221
4.0,14.5,10.5,1.0,4,21137,27344
4.0,62.0,18.0,2.0,3,47977,10132
4.0,62.0,19.0,1.0,4,47977,7781
4.0,20.5,10.5,1.0,4,13249,47672
4.0,126.75,20.5,1.0,4,42450,47626
4.0,57.0,34.0,1.0,4,5450,5450
4.0,8.0,5.5,1.0,4,42450,47209
4.0,8.0,4.5,1.0,4,38456,44632
4.0,14.5,13.0,1.0,4,27966 26604,49235
4.0,14.5,7.0,1.0,4,43631,5077
4.0,14.5,2.5,1.0,3,15424,33065
4.0,109.0,19.0,1.0,4,42450,24838
4.0,31.5,14.0,1.0,4,47209,47209 45007
4.0,57.0,10.5,1.0,3,13249,10957
4.0,124.0,19.0,2.0,3,42450,1940
4.0,27.0,7.5,1.0,4,5876,19660
4.0,3.0,1.0,1.0,4,13176 47209,13176
4.0,27.0,13.0,1.0,4,2120,42240
4.0,44.5,14.0,1.0,4,18523,45007
4.0,135.0,22.0,1.0,4,49520,47626
4.0,99.0,37.0,2.0,3,47209,42450
4.0,68.5,12.5,1.0,4,16953,39275
4.0,14.5,3.5,1.0,4,2120,33065
4.0,105.0,4.0,1.0,4,10673,43352
4.0,135.0,30.0,1.0,4,27966 39275,24852 39275
4.0,14.5,4.0,1.0,4,21386,24852 47626
4.0,27.0,8.5,2.0,3,28985,47209
4.0,27.0,10.5,2.0,3,28985,45007
4.0,68.5,58.0,1.0,4,16953,27966
4.0,31.5,14.5,1.0,4,47626 26209,47626
4.0,68.5,60.0,1.0,4,16953,26604
4.0,27.0,9.5,1.0,3,47209,28985
4.0,44.5,28.0,1.0,4,27966 39275,27966 26604
4.0,93.0,61.5,1.0,4,49520,27344
4.0,3.0,0.0,1.0,4,47209,27344
4.0,14.5,10.0,1.0,4,28985,40332
4.0,14.5,10.0,1.0,4,28985,39581
4.0,27.0,5.0,1.0,3,18523,19660
4.0,27.0,4.0,1.0,4,2120,15424
4.0,3.0,0.5,1.0,4,49683,38456
4.0,14.5,5.0,1.0,4,39108,16797
4.0,27.0,7.0,1.0,3,4920,24852 39877
4.0,27.0,16.0,1.0,4,28985,30776
4.0,140.75,18.5,1.0,4,16965,49235
4.0,62.0,14.0,1.0,3,49520,14947
4.0,8.0,5.5,1.0,3,47209,14947
4.0,115.5,10.0,1.0,4,39108,10957
4.0,27.0,14.5,1.0,3,18523,8021
4.0,140.75,36.5,1.0,4,26209,44632
4.0,14.5,7.0,1.0,4,10673,14715
4.0,39.0,9.5,1.0,3,18523,2120
4.0,31.5,17.0,1.0,4,10673,10132
4.0,68.5,42.0,1.0,4,47209,5450
4.0,14.5,7.0,1.0,3,47209,4799
4.0,14.5,8.0,1.0,4,24852,24852 47144
4.0,68.5,40.0,1.0,4,10673,5785
4.0,62.0,42.0,1.0,4,17794,27966
4.0,27.0,7.0,1.0,3,24852,24852 39877
4.0,27.0,18.0,1.0,3,24852 39877,24852 27966
4.0,27.0,7.0,1.0,3,4920,39877
4.0,62.0,20.0,1.0,3,24852 47626,47141
4.0,140.75,26.5,1.0,4,24852 47626,42450
4.0,74.0,26.5,1.0,4,21386,21903
4.0,81.0,50.5,1.0,4,24852,24852 28204
4.0,31.5,30.0,1.0,3,21386,19660 196
4.0,57.0,28.5,1.0,4,24852,46842
4.0,44.5,21.5,2.5,2,10032,9387
4.0,39.0,24.5,1.0,4,10032,8859
4.0,39.0,4.5,1.0,4,21386,10032
4.0,68.5,11.5,1.0,4,39408,24852 39408
4.0,3.0,1.0,1.0,4,43352,47209
4.0,27.0,16.0,1.0,4,13176 27966,13176
4.0,27.0,18.0,1.0,3,24852 39877,27966
4.0,148.0,37.0,1.0,4,24852,39108
4.0,31.5,8.0,1.0,4,29487,9387
4.0,27.0,19.0,1.0,3,24852 39877,24852
4.0,31.5,4.5,1.0,4,29487,5077
4.0,31.5,12.5,1.0,4,21386,1194
4.0,14.5,8.0,1.0,4,24852,33065
4.0,27.0,17.0,1.0,3,24852 39877,21709
4.0,20.5,1.0,1.0,4,23734,40332
4.0,8.0,2.0,1.0,3,24852,26620
4.0,39.0,21.0,1.0,4,24852,16797 9076
4.0,27.0,24.0,1.0,4,43352,26604
4.0,20.5,0.5,1.0,4,23734,31066
4.0,39.0,9.0,1.0,4,21938,24184
4.0,68.5,12.5,2.0,3,10132,10673
4.0,44.5,13.0,1.0,4,27966,24852 39877
4.0,8.0,6.0,1.0,3,33731,26165
4.0,14.5,7.0,1.0,4,33731,20995
4.0,8.0,6.5,1.0,4,21938,6046
4.0,20.5,5.0,1.0,4,33065,39581
4.0,20.5,12.0,1.0,4,27966,21137 27966
4.0,8.0,5.0,1.0,4,44632,24852 44632
4.0,93.0,31.0,1.0,4,196,27966 39275
4.0,31.5,30.0,2.0,3,44632,44632 21709
4.0,74.0,21.0,1.0,4,8021,46667
4.0,14.5,3.0,1.0,3,33065,26620
4.0,159.0,11.5,1.0,4,8021,43295
4.0,20.5,10.0,1.0,4,27966,35921
4.0,27.0,15.0,1.0,4,23909,47626
4.0,99.0,8.0,1.0,4,39408,1940
4.0,14.5,10.0,1.0,4,14992,14992
4.0,14.5,4.0,1.0,4,33065,10957
4.0,27.0,7.0,1.0,3,31683,24852 39877
4.0,20.5,14.0,1.0,4,5258,14715
4.0,8.0,6.0,1.0,3,6187,41950
4.0,57.0,26.5,1.0,4,19488,28465
4.0,44.5,14.0,1.0,4,46667,21903
4.0,62.0,17.0,1.0,4,23909,25466
4.0,81.0,4.0,1.0,4,5785,41290
4.0,68.5,29.0,1.0,4,28204,24852 28204
4.0,62.0,50.0,1.0,4,24838,49520
4.0,62.0,30.0,1.0,4,24838,47977
4.0,31.5,11.0,1.0,4,25466,47141
4.0,20.5,14.0,1.0,4,25466,46842
4.0,99.0,32.0,1.0,4,44142,42240
4.0,20.5,4.0,1.0,4,5785,35561
4.0,44.5,10.0,1.0,4,46667,8021
4.0,93.0,21.5,1.0,4,47144,25146
4.0,57.0,28.0,1.0,4,27325,33000
4.0,57.0,9.0,1.0,4,44632,27845
4.0,93.0,17.0,1.0,4,44632,26209
4.0,57.0,14.0,1.0,4,27325,30489
4.0,74.0,28.5,1.0,4,28204,42450
4.0,87.0,26.0,1.0,4,28204,41276
4.0,44.5,15.0,1.0,4,46667,2086
4.0,39.0,12.0,1.0,4,41844,5077
4.0,93.0,56.5,1.0,4,47144,16953
4.0,27.0,7.0,1.0,3,31683,39877
4.0,31.5,4.0,1.0,4,14715,19488
4.0,20.5,12.5,1.0,4,32650,24852 16797
4.0,44.5,28.0,1.0,4,44632,13176
4.0,14.5,9.5,1.0,3,31683,32478
4.0,170.0,29.5,1.0,4,32650,39108
4.0,44.5,24.5,1.0,4,32650,38739
4.0,44.5,17.0,1.0,3,46842,41276
4.0,51.0,5.0,1.0,4,6187,5077
4.0,68.5,30.0,1.0,4,47144,196
4.0,20.5,6.5,1.0,4,5785,5077
4.0,44.5,17.5,1.0,4,32650,27104
4.0,51.0,6.0,1.0,4,32650,25466
4.0,68.5,19.5,1.0,4,40939,23288
4.0,189.0,24.0,1.0,4,29447,39275
4.0,27.0,5.0,1.0,4,21137 27966,11182
4.0,8.0,7.0,1.0,4,25466,1194
4.0,183.0,47.0,1.0,4,29447,28199
4.0,31.5,9.0,1.0,4,36316,24852 47626
4.0,27.0,25.0,1.0,3,29447,13176
4.0,39.0,14.5,1.0,3,7781,30776
4.0,20.5,12.5,1.0,4,37158,21386
4.0,109.0,10.0,1.0,4,30489,33198
4.0,62.0,21.0,1.0,4,30489,33000
4.0,31.5,9.0,1.0,4,36316,47626
4.0,51.0,18.0,1.0,4,36316,47141
4.0,44.5,24.5,1.0,4,21709,24852 47626
4.0,44.5,25.0,1.0,4,24184,24184
4.0,31.5,20.5,1.0,4,46088,10957
4.0,31.5,8.5,1.0,4,24184,21938
4.0,68.5,36.0,1.0,4,36316,39108
4.0,31.5,30.0,1.0,3,21709,44632 21709
4.0,81.0,31.0,1.0,4,30489,18441
4.0,31.5,23.0,1.0,3,19348,49520
4.0,27.0,7.0,2.5,2,21709,24852 39877
4.0,57.0,23.0,1.0,4,33000,47209
4.0,44.5,15.0,1.0,4,1940,49520
4.0,99.0,30.5,1.0,4,36316,25146
4.0,62.0,17.5,1.0,4,30489,3957
4.0,31.5,15.0,1.0,4,36316,21709
4.0,44.5,21.0,1.0,4,21709,49520
4.0,39.0,6.0,1.0,4,33000,35561
4.0,99.0,20.5,1.0,3,1940,42450
4.0,27.0,10.5,1.0,3,36316,19348
4.0,27.0,9.5,1.0,3,21709,47141
4.0,14.5,5.0,1.0,4,1940,41844
4.0,20.5,11.0,1.0,4,1940,24852 16797
4.0,27.0,24.5,1.0,4,36316,17122
4.0,109.0,16.0,1.0,4,40310,16797
4.0,27.0,7.0,1.0,3,24852 4920,24852 39877
4.0,93.0,7.5,1.0,4,21709,40332
4.0,3.0,0.5,1.0,4,31066,40332
4.0,8.0,5.5,2.0,3,1463,13176
4.0,51.0,34.0,1.0,4,31506,10032
4.0,87.0,17.5,1.0,4,16797 39275,39275
4.0,14.5,11.0,1.0,4,39581,40332
4.0,126.75,13.0,1.0,4,31506,1463
4.0,87.0,25.5,1.0,4,20114,20114
4.0,14.5,5.0,1.0,4,33000,42265
4.0,27.0,7.0,1.0,3,24852 4920,39877
4.0,20.5,6.0,2.5,2,20842,39108
4.0,51.0,19.5,1.0,4,31066,6046
4.0,14.5,4.0,1.0,4,20842,27966
4.0,27.0,21.5,1.0,3,21709,1940
4.0,44.5,24.5,1.0,4,47141,24852 47626
4.0,20.5,7.0,1.0,4,38739,39275
4.0,20.5,5.5,2.0,3,20842,21137
4.0,74.0,24.0,1.0,4,38739,36316
4.0,68.5,33.0,1.0,4,10957,47626
4.0,44.5,13.0,1.0,4,24852 27966,24852 39877
4.0,20.5,3.0,1.0,3,35951,14233
4.0,68.5,17.0,1.0,4,24852 27966,24852 39275
4.0,44.5,21.0,1.0,4,10957,46088
4.0,8.0,4.0,1.0,3,41276,31683
4.0,14.5,6.5,1.0,3,20842,11182
4.0,62.0,16.0,1.0,3,24852 4920,10032
4.0,148.0,56.0,1.0,4,10957,39108
4.0,8.0,5.0,1.0,4,37646,43295
4.0,3.0,1.5,1.0,4,22035,19660
4.0,27.0,16.0,1.0,4,432,30776
4.0,39.0,19.0,1.0,4,16797,47766
4.0,27.0,19.5,1.0,4,16797,47626
4.0,124.0,17.0,1.0,4,12916,49520
4.0,51.0,16.5,1.0,4,9387,29487
4.0,14.5,10.0,2.5,2,24852 44632,24852 44632
4.0,20.5,5.0,1.0,4,41276,15424
4.0,68.5,17.0,1.0,4,24852 39408,39408
4.0,14.5,8.5,1.0,4,47141,24852 16797
4.0,44.5,11.0,1.0,4,35561,33000
4.0,27.0,7.0,1.0,3,6046,31066
4.0,8.0,5.0,1.0,3,432,16797
4.0,68.5,8.0,1.0,4,47141,39108
4.0,39.0,24.0,1.0,4,28993,10673
4.0,68.5,15.0,1.0,4,24852 27966,39275
4.0,27.0,6.5,1.0,4,12916,41290
4.0,8.0,6.0,1.0,3,41276,9076
4.0,20.5,8.5,1.0,4,47141,33198
4.0,57.0,6.5,1.0,4,35561,21903
4.0,20.5,3.5,1.0,4,42356,10673
4.0,68.5,30.5,1.0,4,28465,24852
4.0,74.0,25.0,1.0,4,8859,35921
4.0,8.0,7.0,1.0,4,10957,1194
4.0,99.0,40.0,1.0,4,16797,17600
4.0,27.0,10.5,1.0,4,47141,9387
4.0,68.5,16.5,1.0,4,16696,24852 16797
4.0,51.0,25.5,2.0,3,30776,7781
4.0,44.5,2.0,1.0,4,28427,28199
4.0,14.5,7.0,1.0,4,28427,27325
4.0,14.5,13.0,1.0,4,24852 9076,5077
4.0,3.0,2.0,1.0,4,35221,47977
4.0,20.5,2.5,1.0,4,16696,33065
4.0,20.5,16.0,1.0,4,8193,31066
4.0,62.0,14.5,1.0,4,28427,16953
4.0,44.5,3.0,1.0,4,28427,16696
4.0,27.0,14.0,2.0,3,47209 45007,47209 45007
4.0,124.0,42.5,1.0,4,8859,3957
4.0,124.0,108.0,1.0,4,17600,36316
4.0,31.5,7.5,1.0,4,16696,14992
4.0,51.0,27.0,1.0,4,16696,13249
4.0,140.75,62.5,1.0,4,16696,10673
4.0,44.5,11.5,1.0,4,16696,9076
4.0,31.5,6.0,1.0,4,19660,5876
4.0,170.0,17.5,1.0,4,19660,3957
4.0,57.0,28.0,1.0,4,9076,46676
4.0,27.0,7.0,2.5,2,33198,24852 39877
4.0,14.5,4.0,1.0,4,22963,13176
4.0,31.5,13.0,1.0,4,35221,5077
4.0,31.5,17.0,1.0,4,40709,32650
4.0,27.0,14.0,1.0,4,26165,42265
4.0,3.0,1.0,1.0,4,33198,42240
4.0,14.5,3.0,1.0,4,5077,49235
4.0,14.5,12.0,1.0,4,40332,34050
4.0,44.5,17.5,1.0,4,17122,32650
4.0,27.0,14.0,2.0,3,47209 45007,30233
4.0,44.5,11.5,1.0,4,26165,33000
4.0,74.0,41.0,1.0,4,5077,41276
4.0,20.5,6.0,1.0,3,40709,13176
4.0,62.0,10.5,1.0,3,26165,23909
4.0,27.0,14.0,2.0,3,47209 45007,18523
4.0,3.0,2.0,1.0,4,14233,35951
4.0,8.0,6.0,2.0,3,26165,20995
4.0,14.5,7.0,1.0,4,5077,29487
4.0,14.5,4.0,1.0,4,13176 43961,13176
4.0,3.0,1.0,1.0,4,26165,14233
4.0,14.5,6.0,2.0,3,34969,10957
4.0,31.5,18.0,2.0,3,33198,7781
4.0,44.5,6.0,1.0,4,17122,2966
4.0,14.5,6.5,1.0,4,26604,43352
4.0,14.5,14.0,1.0,4,26604,42240
4.0,44.5,2.5,1.0,4,33198,5450
4.0,31.5,12.0,1.0,4,30233,47209 45007
4.0,31.5,30.0,2.5,2,5479,5479
4.0,39.0,18.0,1.0,4,5077,10957
4.0,62.0,23.5,1.0,4,4210,31066
4.0,31.5,9.0,1.0,4,5077,4210
4.0,31.5,30.0,1.0,4,28199,31683
4.0,39.0,24.0,1.0,4,26604,25146
4.0,57.0,29.5,1.0,4,28199,29447
4.0,31.5,9.0,2.0,3,28199,28427
4.0,8.0,3.0,1.0,4,42240,13176 39275
4.0,3.0,1.0,1.0,4,4210,15424
4.0,87.0,22.0,1.0,4,49520,1940
4.0,8.0,7.0,1.0,3,13176 49235,34969
4.0,14.5,4.0,1.0,4,43961,13176
4.0,87.0,40.5,1.0,4,42240,28465
4.0,20.5,11.0,2.0,3,21137 26604,39108
4.0,27.0,7.5,1.0,4,42265,13176 21903
4.0,27.0,11.0,1.0,3,42265,33000
4.0,31.5,30.0,1.0,3,44632 21709,44632 21709
4.0,20.5,6.0,1.0,4,43295,16953
4.0,14.5,10.5,1.0,4,42240,14947
4.0,27.0,6.5,1.0,4,42265,21903
4.0,27.0,5.0,1.0,4,42240,9387
4.0,20.5,9.0,2.0,3,21137 26604,20842
4.0,99.0,42.0,1.0,4,15902,47977
4.0,62.0,16.0,1.0,3,47766,23909
4.0,20.5,7.0,1.0,4,24852 16797,47141
4.0,31.5,30.0,2.0,3,14947,44632 21709
4.0,27.0,18.5,1.0,4,24852 16797,24852 16797
4.0,57.0,8.0,1.0,4,43772,15424
4.0,81.0,32.5,1.0,4,25146,33198
4.0,8.0,3.0,1.0,4,39275,13176 39275
4.0,20.5,6.5,2.0,3,21137 26604,5077
4.0,62.0,36.0,1.0,4,15902,27966
4.0,68.5,18.0,1.0,4,39275,40709
4.0,31.5,16.0,1.0,4,34050,49520
4.0,31.5,14.0,1.0,4,49235,33129
4.0,99.0,22.5,1.0,4,2086,35951
4.0,68.5,13.5,1.0,4,2086,33000
4.0,62.0,13.0,1.0,4,49235,27796
4.0,44.5,21.0,1.0,4,27796,20955
4.0,31.5,13.0,1.0,4,1194,47626
4.0,31.5,30.0,1.0,3,44632 21709,21709
4.0,44.5,14.0,1.0,4,2086,27344
4.0,27.0,9.0,1.0,4,41950,42240
4.0,20.5,14.0,1.0,4,39275,25466
4.0,20.5,13.0,1.0,3,3957,49235
4.0,8.0,3.5,1.0,4,49235,16696
4.0,27.0,10.0,1.0,3,14947,33000
4.0,81.0,25.0,1.0,4,27796,7751
4.0,27.0,9.0,1.0,4,14947,30489
4.0,87.0,16.0,1.0,4,27796,5077
4.0,44.5,10.0,1.0,4,24852 16797,2966
4.0,20.5,5.0,1.0,4,24852 16797,1940
4.0,57.0,6.5,1.0,4,15424,43772
4.0,68.5,12.0,1.0,4,15424,41844
4.0,8.0,7.0,1.0,4,1194,25466
4.0,159.0,18.0,1.0,4,2086,8518
4.0,159.0,28.0,1.0,4,15424,39408
4.0,20.5,19.0,1.0,4,15424,39108
4.0,3.0,0.0,1.0,4,24852 432,432
4.0,8.0,7.0,1.0,4,49235,1194
4.0,165.0,21.0,1.0,4,2086,3957
4.0,51.0,17.0,1.0,3,3957,30489
4.0,31.5,14.0,1.0,4,34050,14947
4.0,31.5,21.0,1.0,4,34050,8859
4.0,14.5,5.5,1.0,4,39877,24852 27966
4.0,115.5,17.0,1.0,4,3957,19660
4.0,39.0,9.0,2.0,3,14947,5785
4.0,51.0,15.5,1.0,3,3957,14947
4.0,14.5,4.0,1.0,4,41950,5077
4.0,20.5,8.5,1.0,4,13176,196
4.0,14.5,10.5,2.0,3,39877,39877
4.0,115.5,36.0,1.0,4,3957,5876
4.0,44.5,22.5,1.0,4,35921,15424
4.0,57.0,9.0,1.0,4,27845,44632
4.0,14.5,14.0,1.0,4,39877,31683
4.0,14.5,5.5,1.0,4,39877,27966
4.0,14.5,5.5,1.0,4,39877,24852
4.0,44.5,14.0,1.0,4,13176 21903,20995
3.0,14.5,14.0,1.0,3,41290,47977
3.0,68.5,19.5,1.0,3,11182,24852 27966
3.0,57.0,10.0,1.0,3,43961,14947
3.0,39.0,13.0,1.0,3,44632,27325
3.0,14.5,13.0,1.0,3,48205,21292
3.0,27.0,11.0,1.0,3,21137 27966,39108
3.0,27.0,5.0,1.0,3,27966 26604,5077
3.0,124.0,30.5,1.0,3,23909,21616
3.0,8.0,6.0,1.0,3,21137,21137 27966
3.0,14.5,4.5,1.0,3,47977,24852 9076
3.0,20.5,10.5,1.0,3,21137,21137 26604
3.0,20.5,17.5,1.0,3,43631,49520
3.0,135.0,40.0,1.0,3,42450,24852 47626
3.0,8.0,4.0,1.0,3,38456,24852 44632
3.0,109.0,22.0,1.0,3,21903,46667
3.0,148.0,19.0,1.0,3,21903,43295
3.0,31.5,19.0,1.0,3,45603,33198
3.0,3.0,1.0,1.0,3,24852 28199,28199
3.0,115.5,41.0,1.0,3,47977,16965
3.0,31.5,30.5,1.0,3,19660 196,21386
3.0,87.0,9.0,1.0,3,21903,33198
3.0,39.0,30.0,1.0,3,47977,8859
3.0,68.5,9.0,1.0,3,43631,23288
3.0,44.5,23.0,1.0,3,32403,16797
3.0,57.0,20.0,1.0,3,42450,41276
3.0,62.0,27.0,1.0,3,21137,8021
3.0,135.0,27.0,1.0,3,42450,39408
3.0,254.0,26.0,1.0,3,42450,39108
3.0,3.0,2.0,1.0,3,38444,196
3.0,31.5,9.0,1.0,3,21137,2966
3.0,62.0,21.0,1.0,3,21137,2086
3.0,14.5,11.0,1.0,3,21137,260
3.0,27.0,11.0,1.0,3,27966 26604,39108
3.0,51.0,11.0,1.0,3,2120,47209 45007
3.0,126.75,89.0,1.0,3,42450,23375
3.0,27.0,26.0,1.0,3,42450,21709
3.0,124.0,38.0,1.0,3,42450,19488
3.0,51.0,6.0,1.0,3,13249,16696
3.0,44.5,12.0,1.0,3,13249,15424
3.0,14.5,7.0,1.0,3,13249,14992
3.0,93.0,20.0,1.0,3,42450,14947
3.0,31.5,22.5,1.0,3,42450,10957
3.0,27.0,9.0,1.0,3,27966 26604,21137
3.0,27.0,5.0,1.0,3,27966 26604,20842
3.0,14.5,4.5,1.0,3,32691,36316
3.0,44.5,9.0,1.0,3,28985,47209 45007
3.0,14.5,12.5,1.0,3,27966 26604,13176
3.0,87.0,22.0,1.0,3,49520,24852 47626
3.0,44.5,14.0,1.0,3,32691,23909
3.0,68.5,37.0,1.0,3,32691,20955
3.0,99.0,15.0,1.0,3,32691,18362
3.0,31.5,30.0,1.0,3,47626 26209,47626 26209
3.0,81.0,17.0,1.0,3,2120,44632
3.0,74.0,37.0,1.0,3,16953,43295
3.0,81.0,11.0,1.0,3,47209,42265
3.0,189.0,25.0,1.0,3,49520,39108
3.0,31.5,21.5,1.0,3,16953,24852 9076
3.0,62.0,12.5,1.0,3,18523,30776
3.0,44.5,14.5,1.0,3,49520,34050
3.0,27.0,6.0,1.0,3,2120,24852
3.0,31.5,21.5,1.0,3,16953,24852 5077
3.0,105.0,16.0,1.0,3,16953,28427
3.0,81.0,30.0,1.0,3,16953,25146
3.0,140.75,51.0,1.0,3,26348,5077
3.0,135.0,42.0,1.0,3,27966 39275,24852 27966
3.0,27.0,10.5,1.0,3,2120,16696
3.0,20.5,3.0,1.0,3,39108,21137
3.0,126.75,27.0,1.0,3,49683,42450
3.0,3.0,1.0,1.0,3,47209,22035
3.0,195.5,14.0,1.0,3,39108,15424
3.0,81.0,30.0,1.0,3,16953,14233
3.0,31.5,30.0,1.0,3,17794,47209
3.0,140.75,7.0,1.0,3,16965,47977
3.0,39.0,23.0,1.0,3,24489,2078
3.0,31.5,30.0,2.0,2,10032,47977
3.0,31.5,30.0,1.0,3,49520,13176
3.0,14.5,13.0,1.0,3,47209,10673
3.0,126.75,49.0,1.0,3,24852 47626,24852 39408
3.0,57.0,20.0,1.0,3,21386,46667
3.0,68.5,15.0,1.0,3,33129,42450
3.0,68.5,20.0,1.0,3,33129,41276
3.0,31.5,30.0,1.0,3,47626 26209,26209
3.0,14.5,7.0,1.0,3,24852 39877,24852 39877
3.0,57.0,14.0,2.0,2,18523,2086
3.0,14.5,6.0,1.0,3,39108,2966
3.0,68.5,37.0,1.0,3,16953,196
3.0,14.5,9.5,1.0,3,21386,37158
3.0,14.5,9.5,1.0,3,28985,10957
3.0,81.0,45.0,1.0,3,33129,27796
3.0,27.0,9.0,1.0,3,10032,28204
3.0,44.5,15.0,1.0,3,47626 26209,9387
3.0,3.0,0.5,1.0,3,21386,25466
3.0,126.75,49.0,1.0,3,24852 47626,39408
3.0,148.0,37.0,1.0,3,24852 47626,39108
3.0,8.0,3.5,1.0,3,10032,18362
3.0,44.5,9.0,1.0,3,24852 47626,36316
3.0,14.5,10.5,1.0,3,24852 39877,39877
3.0,68.5,10.0,1.0,3,29487,16953
3.0,14.5,2.0,1.0,3,21386,12916
3.0,3.0,1.0,1.0,3,10032,9076
3.0,31.5,20.5,1.0,3,17794,3957
3.0,39.0,9.5,1.0,3,21386,9387
3.0,135.0,52.0,1.0,3,33129,5077
3.0,81.0,35.0,1.0,3,24852 47626,23375
3.0,8.0,4.0,1.0,3,24852,38456
3.0,8.0,7.0,1.0,3,8424,24852
3.0,115.5,20.0,1.0,3,21386,3957
3.0,14.5,4.5,1.0,3,24852 47626,21386
3.0,8.0,5.0,1.0,3,21386,1940
3.0,44.5,19.0,1.0,3,24852,24852 9387
3.0,8.0,7.0,1.0,3,8424,21709
3.0,81.0,28.0,1.0,3,10132,27344
3.0,27.0,16.5,1.0,3,43352,33198
3.0,62.0,10.0,1.0,3,24852 47626,10957
3.0,99.0,10.0,1.0,3,39408,47626
3.0,81.0,35.0,1.0,3,24852,23375
3.0,20.5,5.0,1.0,3,33731,42265
3.0,62.0,19.0,1.0,3,24852,21195
3.0,20.5,11.0,1.0,3,260,260
3.0,99.0,62.0,1.0,3,39408,23375
3.0,81.0,42.0,1.0,3,39408,19488
3.0,20.5,9.0,1.0,3,27966,21137 26604
3.0,214.0,8.0,1.0,3,39408,15424
3.0,44.5,2.0,1.0,3,47144,27966 39275
3.0,20.5,13.0,1.0,3,9076,24852 19348
3.0,44.5,30.0,1.0,3,5258,31506
3.0,74.0,21.0,1.0,3,23909,47766
3.0,87.0,46.0,1.0,3,27966,33129
3.0,62.0,30.0,1.0,3,19488,43352
3.0,39.0,19.0,1.0,3,33065,19488
3.0,20.5,10.5,1.0,3,19488,39993
3.0,57.0,25.0,1.0,3,23909,40332
3.0,51.0,6.0,1.0,3,196,49520
3.0,8.0,5.0,1.0,3,5785,13176 42265
3.0,109.0,9.0,1.0,3,8021,31506
3.0,20.5,13.5,1.0,3,27966,25466
3.0,44.5,30.0,1.0,3,5258,20955
3.0,93.0,25.0,1.0,3,44632,47626
3.0,20.5,13.0,1.0,3,9076,24852 5077
3.0,87.0,16.0,1.0,3,23909,35108
3.0,62.0,12.0,1.0,3,8021,27086
3.0,39.0,21.0,1.0,3,23909,32691
3.0,57.0,39.0,1.0,3,20995,41290
3.0,39.0,7.0,1.0,3,8021,24852
3.0,68.5,55.0,1.0,3,27966,16759
3.0,44.5,14.0,1.0,3,46667,19660
3.0,81.0,8.0,1.0,3,5785,44632
3.0,20.5,8.5,1.0,3,27325,44632
3.0,87.0,39.0,1.0,3,20995,35561
3.0,44.5,9.0,1.0,3,19488,24184
3.0,39.0,4.0,1.0,3,20995,13176 21903
3.0,62.0,4.0,1.0,3,27325,42450
3.0,57.0,3.0,1.0,3,8021,18523
3.0,20.5,13.0,1.0,3,9076,19348
3.0,31.5,4.0,1.0,3,20995,33731
3.0,44.5,17.0,1.0,3,19488,21938
3.0,62.0,20.0,1.0,3,41844,18362
3.0,31.5,30.0,1.0,3,8021,16759
3.0,20.5,13.0,1.0,3,47144,31683
3.0,31.5,30.0,1.0,3,28204,47209
3.0,44.5,44.0,1.0,3,47144,26604
3.0,31.5,30.0,1.0,3,27966,3957
3.0,44.5,15.0,1.0,3,6187,27325
3.0,27.0,11.0,1.0,3,20995,25146
3.0,68.5,39.5,1.0,3,196,26604
3.0,57.0,17.0,1.0,3,8021,8859
3.0,177.0,24.0,1.0,3,8021,8518
3.0,8.0,7.0,1.0,3,31683,47144
3.0,51.0,29.0,1.0,3,196,23288
3.0,74.0,17.0,1.0,3,8021,5876
3.0,14.5,4.0,1.0,3,31683,45190
3.0,189.0,30.0,1.0,3,29447,27966 39275
3.0,135.0,30.0,1.0,3,31683,41950
3.0,8.0,3.0,1.0,3,31683,41276
3.0,8.0,7.0,2.0,2,25466,34969
3.0,14.5,10.0,1.0,3,24838,33129
3.0,99.0,50.5,1.0,3,44142,27966
3.0,87.0,27.0,1.0,3,28204,33129
3.0,62.0,57.0,1.0,3,24838,27344
3.0,39.0,3.0,1.0,3,14715,15424
3.0,62.0,30.0,1.0,3,28204,27796
3.0,81.0,17.0,1.0,3,5785,14947
3.0,148.0,44.5,1.0,3,196,7751
3.0,31.5,30.0,1.0,3,31683,28199
3.0,8.0,3.5,1.0,3,14715,10673
3.0,8.0,3.5,1.0,3,5785,10032
3.0,44.5,29.0,1.0,3,44632,3957
3.0,183.0,59.0,1.0,3,29447,47977
3.0,27.0,5.0,1.0,3,21137 27966,20842
3.0,51.0,13.0,1.0,3,31683,21938
3.0,81.0,16.0,1.0,3,27325,6187
3.0,20.5,4.5,1.0,3,32650,16797 9076
3.0,152.0,19.0,1.0,3,21333,27966 39275
3.0,20.5,11.0,1.0,3,27325,2078
3.0,39.0,6.0,1.0,3,46842,28465
3.0,68.5,24.0,1.0,3,32650,21288
3.0,20.5,6.0,1.0,3,32650,17122
3.0,51.0,30.0,1.0,3,31683,10032
3.0,105.0,30.0,1.0,3,28204,5077
3.0,62.0,20.0,1.0,3,32650,15290
3.0,99.0,58.0,1.0,3,32650,14992
3.0,27.0,5.0,1.0,3,21137 27966,5077
3.0,14.5,2.0,1.0,3,46842,14233
3.0,51.0,20.5,1.0,3,27086,8021
3.0,39.0,30.0,1.0,3,47766 16797,47766 16797
3.0,3.0,1.5,1.0,3,41290,45190
3.0,68.5,35.0,1.0,3,30489,47209
3.0,109.0,9.0,1.0,3,30489,42450
3.0,39.0,22.0,1.0,3,21195,25466
3.0,74.0,14.0,1.0,3,7781,33198
3.0,39.0,21.0,1.0,3,47766 16797,47766
3.0,39.0,30.0,1.0,3,21709,44632 35221
3.0,68.5,8.0,1.0,3,24184,31683
3.0,39.0,15.5,1.0,3,41290,27323
3.0,20.5,19.0,1.0,3,21019,21292
3.0,109.0,14.0,1.0,3,30489,24838
3.0,135.0,30.0,1.0,3,36316,43352
3.0,57.0,20.5,1.0,3,36316,42450
3.0,135.0,121.0,1.0,3,36316,42356
3.0,93.0,23.0,1.0,3,1940,24852 39408
3.0,27.0,6.0,1.0,3,33000,13176 42265
3.0,51.0,4.0,1.0,3,36316,40709
3.0,51.0,18.0,1.0,3,7781,16953
3.0,51.0,11.0,1.0,3,24184,19488
3.0,62.0,27.5,1.0,3,21333,13249
3.0,51.0,12.0,1.0,3,19348,47977
3.0,109.0,14.0,1.0,3,40310,35898
3.0,14.5,1.0,1.0,3,1463,39275
3.0,20.5,13.0,1.0,3,19348,24852 19348
3.0,14.5,13.0,1.0,3,1463,35921
3.0,57.0,7.0,1.0,3,33000,43961
3.0,8.0,2.0,1.0,3,33000,43295
3.0,62.0,30.0,1.0,3,21019,5077
3.0,27.0,15.0,1.0,3,7781,3957
3.0,51.0,27.0,1.0,3,36316,27323
3.0,14.5,8.0,1.0,3,24184,6046
3.0,51.0,30.0,1.0,3,19348,36316
3.0,31.5,30.0,2.0,2,41290,2086
3.0,14.5,1.0,1.0,3,1463,27966
3.0,39.0,30.0,1.0,3,47766 16797,16797
3.0,14.5,1.0,1.0,3,1463,26604
3.0,87.0,16.0,1.0,3,31506,21333
3.0,31.5,12.0,1.0,3,36316,17600
3.0,20.5,13.0,1.0,3,19348,24852 5077
3.0,93.0,23.0,1.0,3,1940,39408
3.0,159.0,14.0,1.0,3,1940,39108
3.0,51.0,26.0,1.0,3,20114,35921
3.0,14.5,3.0,1.0,3,26620,33065
3.0,57.0,5.0,1.0,3,33000,27325
3.0,68.5,20.0,1.0,3,31066,41844
3.0,44.5,7.0,1.0,3,33000,26165
3.0,105.0,36.0,1.0,3,19348,23909
3.0,135.0,27.0,1.0,3,21709,39408
3.0,31.5,15.0,1.0,3,20114,33198
3.0,135.0,26.0,1.0,3,21709,39108
3.0,20.5,20.0,1.0,3,20114,32650
3.0,99.0,55.0,1.0,3,20114,31066
3.0,8.0,7.0,1.0,3,1940,31683
3.0,27.0,22.0,2.0,2,21709,36316
3.0,44.5,16.0,1.0,3,22802,14233
3.0,57.0,12.0,1.0,3,21709,33129
3.0,124.0,51.0,1.0,3,31506,8021
3.0,87.0,39.5,1.0,3,33000,18441
3.0,51.0,30.0,1.0,3,21709,31506
3.0,93.0,19.0,1.0,3,1940,23375
3.0,124.0,53.0,1.0,3,31506,2086
3.0,51.0,19.0,1.0,3,1940,21709
3.0,14.5,7.0,1.0,3,26620,16696
3.0,62.0,23.0,1.0,3,1940,19488
3.0,148.0,20.0,1.0,3,20842,47977
3.0,20.5,4.0,1.0,3,20842,21137 26604
3.0,62.0,12.0,1.0,3,1940,17600
3.0,8.0,7.0,1.0,3,27323,36316
3.0,124.0,21.0,1.0,3,20955,47977
3.0,14.5,7.0,1.0,3,26620,10957
3.0,20.5,9.0,1.0,3,39581,26620
3.0,68.5,23.5,1.0,3,10957,24852 47626
3.0,87.0,39.0,1.0,3,33000,3957
3.0,44.5,20.5,1.0,3,1940,9387
3.0,8.0,7.0,1.0,3,21709,8424
3.0,44.5,24.0,1.0,3,20955,31981
3.0,20.5,4.0,1.0,3,20842,26604
3.0,20.5,12.0,1.0,3,20955,27796
3.0,3.0,1.0,1.0,3,28993,39108
3.0,27.0,6.0,1.0,3,20955,19348
3.0,39.0,30.0,1.0,3,16797,47766 16797
3.0,27.0,10.0,1.0,3,10957,43772
3.0,3.0,1.0,1.0,3,20955,15424
3.0,115.5,56.0,1.0,3,432,37158
3.0,81.0,7.0,1.0,3,15290,49235
3.0,3.0,1.0,1.0,3,22035,22035
3.0,14.5,7.0,1.0,3,10957,34969
3.0,99.0,10.0,1.0,3,24852 39408,47626
3.0,20.5,2.0,1.0,3,10957,33065
3.0,62.0,19.0,1.0,3,47141,49520
3.0,27.0,24.0,1.0,3,35561,42265
3.0,20.5,6.0,1.0,3,38739,16953
3.0,31.5,30.0,1.0,3,16797,49520
3.0,140.75,31.0,1.0,3,10957,27344
3.0,20.5,6.0,1.0,3,10957,26620
3.0,140.75,25.0,1.0,3,12916,46676
3.0,44.5,6.0,1.0,3,35561,13176 21903
3.0,51.0,7.0,1.0,3,432,19488
3.0,14.5,5.0,1.0,3,47141,41844
3.0,44.5,4.0,1.0,3,10957,21333
3.0,44.5,7.0,1.0,3,35561,26165
3.0,57.0,13.0,1.0,3,6046,24184
3.0,207.0,34.0,1.0,3,8859,47626
3.0,57.0,10.0,1.0,3,6046,21938
3.0,81.0,30.0,1.0,3,15290,19660
3.0,105.0,24.0,1.0,3,35561,20995
3.0,99.0,62.0,1.0,3,24852 39408,23375
3.0,87.0,41.0,1.0,3,47141,23375
3.0,135.0,12.0,1.0,3,8859,40332
3.0,68.5,5.0,1.0,3,9387,5077
3.0,44.5,6.0,1.0,3,12916,21386
3.0,62.0,12.0,1.0,3,6046,8193
3.0,105.0,10.0,1.0,3,35561,5785
3.0,31.5,28.0,1.0,3,12916,15424
3.0,27.0,19.0,1.0,3,8859,27966
3.0,87.0,63.0,1.0,3,8859,27796
3.0,57.0,50.0,1.0,3,16696,43154
3.0,99.0,9.0,1.0,3,24852 39408,1940
3.0,51.0,14.0,1.0,3,19660,46667
3.0,27.0,15.0,1.0,3,30776,3957
3.0,14.5,8.5,1.0,3,11182,21137 27966
3.0,20.5,9.0,1.0,3,11182,21137 26604
3.0,20.5,6.0,1.0,3,16696,26620
3.0,44.5,8.0,1.0,3,46676,8859
3.0,20.5,13.5,1.0,3,16696,26209
3.0,74.0,38.0,1.0,3,41844,13249
3.0,74.0,19.0,1.0,3,28427,13176
3.0,31.5,26.0,1.0,3,8859,5258
3.0,20.5,7.0,1.0,3,8193,24852
3.0,68.5,12.0,1.0,3,24852 24838,24852
3.0,27.0,14.0,1.0,3,8193,21938
3.0,87.0,23.0,1.0,3,11182,36316
3.0,31.5,19.0,1.0,3,16696,14947
3.0,57.0,3.0,1.0,3,19660,18523
3.0,44.5,4.0,1.0,3,27325,47209
3.0,62.0,30.0,1.0,3,40332,47626 26209
3.0,14.5,4.0,1.0,3,25588,25588
3.0,3.0,1.5,1.0,3,16696,4210
3.0,20.5,8.5,1.0,3,8193,6046
3.0,124.0,18.0,1.0,3,17600,16797
3.0,3.0,2.0,1.0,3,35221,9076
3.0,44.5,30.0,1.0,3,9076,49520
3.0,27.0,14.0,1.0,3,5077,24852 39408
3.0,20.5,14.0,2.0,2,40709,36316
3.0,81.0,28.0,1.0,3,18441,33000
3.0,81.0,44.0,1.0,3,18441,30489
3.0,14.5,13.0,1.0,3,33198,13176 33198
3.0,8.0,7.0,1.0,3,33198,45603
3.0,39.0,10.0,1.0,3,33198,43961
3.0,57.0,14.5,1.0,3,26165,35561
3.0,109.0,53.0,1.0,3,18441,18441
3.0,51.0,13.0,1.0,3,5077,24852 19348
3.0,31.5,7.0,1.0,3,5077,43631
3.0,62.0,9.5,1.0,3,47209 45007,28985
3.0,81.0,43.0,1.0,3,18441,14947
3.0,14.5,2.5,1.0,3,14233,45190
3.0,20.5,20.0,1.0,3,26165,24852 5077
3.0,27.0,14.0,1.0,3,5077,39408
3.0,51.0,12.0,1.0,3,14233,43295
3.0,14.5,7.0,1.0,3,34969,25466
3.0,62.0,30.0,1.0,3,40332,26209
3.0,44.5,26.5,1.0,3,17122,24852
3.0,39.0,10.5,1.0,3,40332,25588
3.0,14.5,2.0,1.0,3,33198,27325
3.0,170.0,12.0,1.0,3,40332,21709
3.0,81.0,60.0,1.0,3,35898,47766
3.0,93.0,15.0,1.0,3,33198,21903
3.0,68.5,8.0,1.0,3,33198,21376
3.0,44.5,11.5,1.0,3,17122,16797
3.0,44.5,13.0,1.0,3,17122,16696
3.0,51.0,32.0,1.0,3,5077,27344
3.0,14.5,7.0,1.0,3,14233,31683
3.0,159.0,10.0,1.0,3,33198,16797
3.0,14.5,13.0,1.0,3,17122,10673
3.0,14.5,7.0,1.0,3,34969,8859
3.0,105.0,51.0,1.0,3,5077,21019
3.0,20.5,10.5,1.0,3,26604,21137 26604
3.0,3.0,1.0,1.0,3,26165,8859
3.0,62.0,11.0,1.0,3,47209 45007,2120
3.0,44.5,18.5,1.0,3,14233,19348
3.0,20.5,6.5,1.0,3,17122,1940
3.0,20.5,13.0,1.0,3,14233,15290
3.0,81.0,45.0,1.0,3,5077,10132
3.0,8.0,7.0,2.0,2,2966,24852 47144
3.0,109.0,14.5,1.0,3,43961,47209
3.0,14.5,13.0,1.0,3,26604,35221
3.0,109.0,14.0,1.0,3,43961,43961
3.0,109.0,50.0,1.0,3,35898,17600
3.0,31.5,13.0,1.0,3,23288,42265
3.0,39.0,14.0,1.0,3,23288,40939
3.0,57.0,35.0,1.0,3,43961,30489
3.0,20.5,16.0,1.0,3,42265,13176 42265
3.0,31.5,23.0,1.0,3,43295,47977
3.0,81.0,70.0,1.0,3,26604,13249
3.0,14.5,12.5,1.0,3,26604,13176
3.0,14.5,5.0,1.0,3,42240,39581
3.0,57.0,14.0,1.0,3,2966,24852 16797
3.0,57.0,4.0,1.0,3,43961,18441
3.0,135.0,12.0,1.0,3,42240,37158
3.0,31.5,30.0,1.0,3,28199,11182
3.0,14.5,12.0,1.0,3,21137 26604,21137 26604
3.0,280.0,19.0,1.0,3,43295,33000
3.0,39.0,30.0,1.0,3,44632 21709,44632 35221
3.0,115.5,42.0,1.0,3,42240,27796
3.0,31.5,8.5,1.0,3,42265,35561
3.0,14.5,8.0,1.0,3,42240,26620
3.0,14.5,8.0,1.0,3,43961,5785
3.0,105.0,10.0,1.0,3,43295,26209
3.0,62.0,26.5,1.0,3,47766,42265
3.0,44.5,8.0,1.0,3,42265,26165
3.0,20.5,15.0,1.0,3,2966,19660
3.0,31.5,17.0,1.0,3,42265,23288
3.0,14.5,14.0,1.0,3,13176 39275,21019
3.0,14.5,9.5,1.0,3,21137 26604,26604
3.0,57.0,14.0,1.0,3,2966,17122
3.0,44.5,17.5,1.0,3,42265,20995
3.0,51.0,11.0,1.0,3,30233,30776
3.0,27.0,26.0,1.0,3,14947,44632 35221
3.0,8.0,7.0,1.0,3,42240,8424
3.0,51.0,17.0,1.0,3,43295,9387
3.0,57.0,9.0,1.0,3,42240,432
3.0,20.5,6.0,1.0,3,21137 26604,11182
3.0,14.5,12.0,1.0,3,24852 16797,41844
3.0,87.0,34.0,1.0,3,27796,42450
3.0,44.5,25.0,1.0,3,2086,46667
3.0,3.0,0.0,1.0,3,27344,24838
3.0,81.0,24.0,1.0,3,25146,26604
3.0,31.5,15.0,2.0,2,25146,25588
3.0,44.5,10.0,1.0,3,27796,31981
3.0,68.5,35.0,1.0,3,43772,5025
3.0,39.0,30.0,1.0,3,44632 21709,35221
3.0,62.0,6.0,1.0,3,15902,24852
3.0,62.0,10.0,1.0,3,47766,3957
3.0,14.5,11.0,1.0,3,13176,13176 42265
3.0,39.0,25.5,1.0,3,48205,38739
3.0,20.5,20.0,1.0,3,25146,19057
3.0,27.0,14.0,1.0,3,39275,38739
3.0,14.5,5.5,1.0,3,14947,47209
3.0,57.0,39.0,1.0,3,15902,16797
3.0,8.0,7.0,1.0,3,1194,49235
3.0,31.5,30.0,1.0,3,2086,31066
3.0,99.0,21.0,1.0,3,27344,10132
3.0,105.0,30.0,1.0,3,14947,42240
3.0,183.0,27.0,1.0,3,13176,46842
3.0,51.0,10.5,1.0,3,49235,23909
3.0,44.5,12.0,1.0,3,24852 16797,16696
3.0,44.5,22.0,1.0,3,2086,25146
3.0,8.0,7.0,1.0,3,27796,13176
3.0,68.5,34.0,1.0,3,14947,35921
3.0,20.5,13.5,1.0,3,27344,2086
3.0,14.5,4.0,1.0,3,41950,39108
3.0,81.0,31.0,1.0,3,3957,47766
3.0,74.0,15.0,1.0,3,2086,21137
3.0,62.0,14.0,1.0,3,14947,34050
3.0,44.5,17.0,1.0,3,24852 16797,9076
3.0,8.0,6.5,1.0,3,13176,37646
3.0,57.0,3.0,1.0,3,2086,18523
3.0,68.5,8.0,1.0,3,22935,31683
3.0,31.5,30.0,1.0,3,2086,16759
3.0,8.0,2.0,1.0,3,15424,47626
3.0,81.0,10.0,1.0,3,3957,42265
3.0,39.0,11.0,1.0,3,14947,27325
3.0,39.0,5.5,1.0,3,4799,5450
3.0,68.5,28.0,1.0,3,22935,24852
3.0,14.5,6.0,1.0,3,15424,39581
3.0,8.0,4.5,1.0,3,39275,8859
3.0,31.5,13.0,1.0,3,15424,37158
3.0,27.0,12.0,1.0,3,39877,24852 39877
3.0,189.0,9.0,1.0,3,39275,7751
3.0,115.5,58.0,1.0,3,3957,31717
3.0,31.5,21.0,1.0,3,3957,30776
3.0,27.0,16.5,1.0,3,14947,16696
3.0,8.0,7.0,2.0,2,14947,15424
3.0,31.5,26.0,1.0,3,3957,27966
3.0,20.5,14.0,1.0,3,15424,31717
3.0,20.5,11.5,1.0,3,13176,13176 5077
3.0,20.5,6.0,1.0,3,41950,16797
3.0,8.0,6.0,1.0,3,3957,25466
3.0,159.0,11.0,1.0,3,3957,24838
3.0,27.0,6.0,1.0,3,41950,15424
3.0,8.0,7.0,2.0,2,14947,10957
3.0,44.5,30.0,1.0,3,15424,27845
3.0,14.5,2.0,1.0,3,45190,41276
3.0,20.5,15.0,1.0,3,13176,13249
3.0,20.5,2.0,1.0,3,15424,25588
3.0,27.0,7.0,1.0,3,45190,39408
3.0,8.0,6.0,1.0,3,1194,8859
3.0,81.0,5.0,1.0,3,3957,18441
3.0,39.0,4.0,1.0,3,14947,3957
3.0,14.5,10.0,1.0,3,45190,35042
3.0,68.5,25.5,1.0,3,3957,15902
3.0,39.0,16.0,1.0,3,41950,6187
3.0,14.5,9.0,1.0,3,41950,2966
3.0,8.0,7.0,2.0,2,15424,14947
3.0,20.5,9.5,1.0,3,15424,13249
3.0,62.0,39.0,1.0,3,35921,20114
3.0,115.5,21.0,1.0,3,3957,8021
3.0,31.5,18.0,1.0,3,3957,7781
3.0,62.0,30.0,1.0,3,35921,19057
3.0,126.75,35.0,1.0,3,47626,24852 39408
3.0,14.5,6.5,1.0,3,45190,25146
3.0,44.5,13.0,1.0,3,15424,8193
3.0,57.0,26.0,1.0,3,15424,7751
3.0,159.0,29.0,1.0,3,15424,4920
3.0,27.0,20.0,1.0,3,39877,24852 4920
3.0,105.0,11.0,1.0,3,35921,7781
3.0,126.75,35.0,1.0,3,47626,39408
3.0,159.0,14.0,1.0,3,47626,39108
3.0,27.0,20.0,1.0,3,39877,4920
3.0,14.5,11.5,1.0,3,47626,26165
3.0,93.0,19.0,1.0,3,47626,23375
3.0,109.0,14.0,1.0,3,18362,33198
3.0,105.0,20.0,1.0,3,18362,27344
3.0,20.5,18.0,1.0,3,18362,27086
3.0,31.5,30.0,2.0,2,43631,44632 35221
2.0,39.0,6.0,1.5,2,33731,17948
2.0,31.5,18.5,1.5,2,47626,13176
2.0,14.5,5.0,1.5,2,41220,45190
2.0,62.0,6.0,1.5,2,15902,39275
2.0,27.0,17.0,1.5,2,24852 24184,24184
2.0,51.0,19.5,1.5,2,16696,16797 9076
2.0,20.5,11.0,1.5,2,18362,21137
2.0,14.5,14.0,1.5,2,24852 39408,35921
2.0,105.0,30.5,1.5,2,47977,46676
2.0,27.0,8.0,1.5,2,47626,1194
2.0,14.5,4.0,1.5,2,43154,47209
2.0,14.5,13.0,1.5,2,24852 5077,24852 19348
2.0,27.0,1.0,1.5,2,45603,44987
2.0,44.5,23.0,1.5,2,32403,47977
2.0,124.0,71.0,1.5,2,47977,21616
2.0,8.0,6.0,1.5,2,38444,30233
2.0,8.0,6.0,1.5,2,21903,21903 21616
2.0,135.0,23.0,1.5,2,42450,24852 39408
2.0,115.5,30.5,1.5,2,5450,21195
2.0,14.5,13.0,1.5,2,24852 5077,19348
2.0,51.0,29.0,1.5,2,19660 196,23288
2.0,31.5,30.0,1.5,2,21137,28427
2.0,31.5,30.0,1.5,2,40604,41290
2.0,68.5,41.5,1.5,2,42450,24852 28204
2.0,14.5,13.0,1.5,2,27966 26604,13176 49235
2.0,8.0,0.5,1.5,2,38456,49683
2.0,27.0,26.0,1.5,2,42450,47141
2.0,8.0,6.0,1.5,2,21903,23909
2.0,51.0,28.5,1.5,2,32478,43772
2.0,31.5,22.5,1.5,2,42450,44632
2.0,8.0,6.0,1.5,2,21903,21616
2.0,27.0,3.0,1.5,2,38456,43789
2.0,3.0,2.0,1.5,2,5450,2120
2.0,31.5,30.0,1.5,2,44632 35221,14947
2.0,39.0,10.0,1.5,2,42450,43961
2.0,87.0,12.5,1.5,2,13249,42240
2.0,31.5,30.0,1.5,2,40604,25146
2.0,177.0,38.0,1.5,2,21903,21195
2.0,14.5,12.0,1.5,2,38456,39928
2.0,14.5,13.0,1.5,2,27966 26604,13176 33198
2.0,8.0,6.5,1.5,2,13249,31683
2.0,14.5,13.0,1.5,2,27966 26604,13176 27966
2.0,68.5,41.5,1.5,2,42450,28204
2.0,177.0,24.5,1.5,2,21903,5450
2.0,68.5,38.0,1.5,2,42450,27796
2.0,39.0,8.0,1.5,2,42450,27325
2.0,291.0,44.5,1.5,2,21903,3957
2.0,31.5,30.0,1.5,2,41131,41131
2.0,135.0,56.5,1.5,2,42450,25146
2.0,14.5,13.0,1.5,2,27966 26604,35221
2.0,87.0,34.5,1.5,2,13249,21333
2.0,14.5,13.0,1.5,2,27966 26604,33198
2.0,31.5,30.0,1.5,2,40604,2086
2.0,39.0,14.0,1.5,2,42450,18441
2.0,14.5,4.5,1.5,2,32691,49520
2.0,31.5,21.0,1.5,2,32691,47672
2.0,202.0,71.5,1.5,2,32691,47209
2.0,3.0,2.0,1.5,2,44359,15424
2.0,20.5,19.0,1.5,2,13249,5077
2.0,51.0,30.5,1.5,2,32478,5025
2.0,31.5,30.0,1.5,2,49520,44632 35221
2.0,140.75,67.0,1.5,2,26348,24852 28204
2.0,57.0,12.0,1.5,2,27966 26604,11182
2.0,68.5,25.0,1.5,2,16953,27966 39275
2.0,140.75,41.0,1.5,2,26348,42450
2.0,140.75,80.0,1.5,2,26348,41276
2.0,140.75,14.5,1.5,2,32691,18523
2.0,31.5,30.0,1.5,2,49520,13176 44632
2.0,140.75,44.0,1.5,2,26348,33129
2.0,20.5,6.0,1.5,2,39108,21137 27966
2.0,81.0,19.5,1.5,2,32691,9076
2.0,20.5,3.0,1.5,2,39108,21137 26604
2.0,140.75,67.0,1.5,2,26348,28204
2.0,140.75,63.5,1.5,2,26348,27796
2.0,27.0,5.0,1.5,2,2120,39581
2.0,31.5,21.5,1.5,2,16953,24852 19348
2.0,140.75,41.0,1.5,2,26348,24852
2.0,31.5,30.0,1.5,2,49520,44632
2.0,93.0,12.5,1.5,2,16953,37158
2.0,14.5,10.5,1.5,2,10673,43772
2.0,3.0,2.0,1.5,2,8174,15424
2.0,27.0,26.0,1.5,2,47209,35921
2.0,27.0,7.5,1.5,2,2120,26620
2.0,126.75,74.0,1.5,2,49683,24852 28204
2.0,27.0,11.0,1.5,2,26348,10673
2.0,14.5,10.5,1.5,2,39108,27104
2.0,62.0,22.5,1.5,2,49520,27845
2.0,39.0,9.0,1.5,2,47626 26209,44632
2.0,135.0,42.5,1.5,2,39275 43352,32650
2.0,126.75,100.5,1.5,2,49683,41844
2.0,87.0,41.0,1.5,2,49520,23375
2.0,126.75,56.5,1.5,2,49683,41276
2.0,62.0,6.0,1.5,2,15902,24852 39275
2.0,62.0,28.5,1.5,2,47626 26209,40332
2.0,31.5,21.5,1.5,2,16953,19348
2.0,81.0,50.5,1.5,2,33129,24852 28204
2.0,27.0,10.5,1.5,2,2120,10957
2.0,27.0,10.5,1.5,2,10032,24852 28204
2.0,74.0,41.5,1.5,2,16953,14715
2.0,124.0,62.0,1.5,2,39108,13176
2.0,39.0,14.0,1.5,2,47626 26209,33198
2.0,126.75,51.0,1.5,2,49683,33129
2.0,135.0,34.5,1.5,2,27966 39275,36316
2.0,126.75,74.0,1.5,2,49683,28204
2.0,126.75,70.5,1.5,2,49683,27796
2.0,87.0,20.0,1.5,2,18523,3957
2.0,62.0,28.5,1.5,2,26209,40332
2.0,135.0,42.5,1.5,2,39275 43352,10673
2.0,57.0,17.5,1.5,2,21386,35951
2.0,57.0,17.5,1.5,2,21386,31717
2.0,81.0,50.5,1.5,2,33129,28204
2.0,39.0,16.0,1.5,2,24852,24852 35951
2.0,3.0,0.0,1.5,2,26209,23909
2.0,126.75,56.0,1.5,2,49683,5077
2.0,232.0,31.0,1.5,2,27966 39275,7751
2.0,68.5,42.0,1.5,2,29487,21333
2.0,44.5,20.0,1.5,2,24852 47626,24852 9387
2.0,74.0,15.0,1.5,2,260,42240
2.0,93.0,91.0,1.5,2,24852,41787
2.0,135.0,25.5,1.5,2,21386,8518
2.0,39.0,16.0,1.5,2,24852,35951
2.0,8.0,7.0,1.5,2,29487,6046
2.0,62.0,25.0,1.5,2,260,27966
2.0,44.5,21.0,1.5,2,24852,28427
2.0,44.5,20.0,1.5,2,24852 47626,9387
2.0,8.0,7.0,1.5,2,39408,45190
2.0,27.0,26.0,1.5,2,44632,44632 35221 21709
2.0,8.0,7.0,1.5,2,24852 39877,10032
2.0,8.0,7.0,1.5,2,8424,8424
2.0,62.0,30.0,1.5,2,19488,39275 43352
2.0,39.0,16.5,1.5,2,260,15424
2.0,44.5,12.0,1.5,2,11777,33198
2.0,39.0,17.5,1.5,2,8021,24852 47626
2.0,14.5,13.0,1.5,2,27966,13176 49235
2.0,39.0,6.5,1.5,2,260,6187
2.0,8.0,5.5,1.5,2,33731,22963
2.0,14.5,9.0,1.5,2,33731,13176 5077
2.0,93.0,50.0,1.5,2,44632,47626 26209
2.0,27.0,16.5,1.5,2,27966,47141
2.0,14.5,13.0,1.5,2,27966,13176 33198
2.0,57.0,12.0,1.5,2,5258,42265
2.0,44.5,44.0,1.5,2,46667,46667
2.0,39.0,13.0,1.5,2,8021,47626
2.0,74.0,7.5,1.5,2,196,24852 39275
2.0,14.5,9.0,1.5,2,33731,5077
2.0,27.0,8.5,1.5,2,39408,5077
2.0,31.5,30.0,1.5,2,28204,47209 28204
2.0,20.5,18.0,1.5,2,14992,16797
2.0,39.0,30.5,1.5,2,23909,21903 21616
2.0,74.0,27.5,1.5,2,8021,35951
2.0,20.5,7.5,1.5,2,27966,27325
2.0,74.0,27.5,1.5,2,8021,31717
2.0,31.5,30.0,1.5,2,5258,19660
2.0,31.5,30.0,1.5,2,196,43154
2.0,93.0,17.5,1.5,2,46667,21386
2.0,44.5,35.0,1.5,2,44632,13176 27966
2.0,140.75,18.0,1.5,2,32650,27966 39275
2.0,31.5,15.0,1.5,2,23909,26209
2.0,68.5,9.0,1.5,2,19488,22935
2.0,195.5,20.0,1.5,2,8021,16953
2.0,39.0,27.5,1.5,2,23909,21903
2.0,31.5,19.5,1.5,2,27966,8859
2.0,232.0,31.0,1.5,2,27966,7751
2.0,68.5,13.0,1.5,2,19488,15290
2.0,20.5,20.0,1.5,2,31683,49683
2.0,14.5,10.0,1.5,2,25466,43789
2.0,14.5,7.5,1.5,2,196,26209
2.0,31.5,7.0,1.5,2,31683,46088
2.0,31.5,25.5,1.5,2,25466,39275
2.0,105.0,11.0,1.5,2,31683,44142
2.0,39.0,12.0,1.5,2,27325,27966
2.0,20.5,18.0,1.5,2,47144,19660
2.0,99.0,6.5,1.5,2,5785,24830
2.0,31.5,30.0,1.5,2,27325,23288
2.0,8.0,5.5,1.5,2,5785,22963
2.0,27.0,26.0,1.5,2,44632,16696
2.0,135.0,39.5,1.5,2,32650,41950
2.0,57.0,35.0,1.5,2,44632,13870
2.0,20.5,6.5,1.5,2,5785,13176 5077
2.0,20.5,20.0,1.5,2,31683,28985
2.0,3.0,1.0,1.5,2,25466,21386
2.0,99.0,17.5,1.5,2,44142,15424
2.0,93.0,28.5,1.5,2,44632,2120
2.0,99.0,19.0,1.5,2,44142,6187
2.0,39.0,18.5,1.5,2,28204,10032
2.0,20.5,20.0,1.5,2,31683,12916
2.0,93.0,22.5,1.5,2,32650,19348
2.0,99.0,27.0,1.5,2,44142,260
2.0,135.0,30.0,1.5,2,36316,39275 43352
2.0,68.5,17.5,1.5,2,24184,46654
2.0,44.5,1.0,1.5,2,36316,24852 39408
2.0,68.5,31.0,1.5,2,30489,43961
2.0,31.5,25.5,1.5,2,21019,39275
2.0,14.5,1.0,1.5,2,1463,27966 39275
2.0,31.5,29.0,1.5,2,41290,33120
2.0,31.5,30.0,1.5,2,47766 16797,49520
2.0,20.5,19.0,1.5,2,7781,27845
2.0,109.0,50.5,1.5,2,21195,11777
2.0,14.5,8.0,1.5,2,37158,12916
2.0,14.5,2.0,1.5,2,21195,8859
2.0,109.0,17.5,1.5,2,21195,5450
2.0,87.0,31.0,1.5,2,21333,15424
2.0,44.5,1.0,1.5,2,36316,39408
2.0,135.0,23.0,1.5,2,21709,24852 39408
2.0,51.0,39.0,1.5,2,47766 16797,30450
2.0,8.0,7.0,1.5,2,36316,31683
2.0,14.5,12.0,1.5,2,41290,6187
2.0,105.0,15.5,1.5,2,1463,31506
2.0,68.5,44.5,1.5,2,31506,27845
2.0,31.5,21.5,1.5,2,19348,24852 9076
2.0,105.0,22.0,1.5,2,19348,32650
2.0,14.5,5.0,1.5,2,26620,39581
2.0,68.5,38.0,1.5,2,19348,32478
2.0,62.0,30.0,1.5,2,31506,20955
2.0,14.5,9.0,1.5,2,35914,21288
2.0,44.5,20.5,1.5,2,1940,24852 9387
2.0,14.5,9.0,1.5,2,35914,16797
2.0,105.0,26.0,1.5,2,31066,39408
2.0,31.5,30.0,1.5,2,44632 35221 21709,44632 35221
2.0,44.5,43.0,1.5,2,36316,3957
2.0,62.0,60.0,1.5,2,31506,5258
2.0,27.0,12.0,1.5,2,20842,27966 26604
2.0,31.5,15.0,1.5,2,20114,21376
2.0,31.5,30.0,1.5,2,30450,47766 16797
2.0,135.0,56.5,1.5,2,21709,25146
2.0,87.0,33.0,1.5,2,20114,19057
2.0,148.0,40.5,1.5,2,20842,49520
2.0,27.0,9.5,1.5,2,20842,21137 27966
2.0,87.0,41.0,1.5,2,21709,23375
2.0,3.0,0.0,1.5,2,47209 27966,27344
2.0,20.5,18.0,1.5,2,18531,44632
2.0,20.5,20.0,1.5,2,20114,12916
2.0,31.5,30.0,1.5,2,2078,23288
2.0,148.0,36.5,1.5,2,20842,36316
2.0,20.5,10.0,1.5,2,18531,35221
2.0,31.5,30.0,1.5,2,30450,49520
2.0,31.5,30.0,1.5,2,30450,47766
2.0,20.5,4.0,1.5,2,18531,33000
2.0,99.0,26.5,1.5,2,11422,39581
2.0,39.0,24.0,1.5,2,28993,46842
2.0,20.5,10.0,1.5,2,18531,27325
2.0,14.5,2.0,1.5,2,41276,45190
2.0,31.5,30.0,1.5,2,44632 35221 21709,44632
2.0,39.0,3.0,1.5,2,20955,24830
2.0,115.5,23.0,1.5,2,432,46676
2.0,87.0,43.5,1.5,2,16797 39275,2966
2.0,20.5,5.5,1.5,2,18531,21195
2.0,62.0,29.0,1.5,2,21019,19348
2.0,126.75,63.5,1.5,2,35561,13176 47209
2.0,148.0,58.5,1.5,2,20842,19348
2.0,135.0,23.0,1.5,2,47141,24852 39408
2.0,81.0,45.0,1.5,2,432,41290
2.0,31.5,22.5,1.5,2,10957,44632
2.0,31.5,30.0,1.5,2,44632 35221 21709,35221
2.0,93.0,31.5,1.5,2,10957,43154
2.0,20.5,20.0,1.5,2,15290,49683
2.0,126.75,63.5,1.5,2,35561,47209
2.0,165.0,28.0,1.5,2,15290,45066
2.0,8.0,7.0,1.5,2,20955,8424
2.0,62.0,30.0,1.5,2,20955,5258
2.0,8.0,7.0,1.5,2,37646,37646
2.0,31.5,30.0,1.5,2,30450,16797
2.0,3.0,1.0,1.5,2,20955,4210
2.0,31.5,30.0,1.5,2,16696,44632 35221
2.0,87.0,38.5,1.5,2,21333,43772
2.0,31.5,30.0,1.5,2,24852 9076,49520
2.0,31.5,30.0,1.5,2,44632 35221 21709,14947
2.0,135.0,23.0,1.5,2,47141,39408
2.0,87.0,39.0,1.5,2,16797,40310
2.0,20.5,20.0,1.5,2,15290,28985
2.0,51.0,29.0,1.5,2,9387,21333
2.0,14.5,13.0,1.5,2,24852 9076,24852 19348
2.0,124.0,41.0,1.5,2,24852 27966,36316
2.0,51.0,44.5,1.5,2,47141,24852 9387
2.0,8.0,1.0,1.5,2,12916,37158
2.0,87.0,26.5,1.5,2,24852 27966,33129
2.0,44.5,11.5,1.5,2,10957,14992
2.0,124.0,37.0,1.5,2,12916,35921
2.0,31.5,26.5,1.5,2,8859,47977
2.0,51.0,39.0,1.5,2,16797,30450
2.0,62.0,28.5,1.5,2,41276,196
2.0,44.5,14.0,1.5,2,30776,28985
2.0,51.0,32.5,1.5,2,15290,14233
2.0,14.5,13.0,1.5,2,24852 9076,24852 5077
2.0,81.0,60.0,1.5,2,24852 39408,19488
2.0,27.0,8.5,1.5,2,16797,21709
2.0,8.0,7.0,1.5,2,8859,34969
2.0,27.0,18.0,1.5,2,30776,18523
2.0,57.0,42.0,1.5,2,6046,4210
2.0,57.0,26.0,1.5,2,28465,15424
2.0,14.5,13.0,1.5,2,24852 9076,19348
2.0,8.0,7.0,1.5,2,47141,11182
2.0,8.0,4.0,1.5,2,19660,47209 5876
2.0,3.0,1.0,1.5,2,8859,26165
2.0,31.5,30.0,1.5,2,16696,44632
2.0,124.0,22.0,1.5,2,12916,8859
2.0,44.5,24.5,1.5,2,12916,8424
2.0,57.0,28.0,1.5,2,28465,7751
2.0,51.0,11.5,1.5,2,8193,42240
2.0,51.0,12.0,1.5,2,8193,41950
2.0,31.5,30.0,1.5,2,24852 9076,10957
2.0,20.5,18.0,1.5,2,24852 47144,19660
2.0,135.0,8.5,1.5,2,8859,12916
2.0,57.0,11.0,1.5,2,9076,8859
2.0,31.5,30.0,1.5,2,35221,43631
2.0,140.75,88.5,1.5,2,16696,28993
2.0,44.5,22.5,1.5,2,8859,9076
2.0,27.0,17.0,1.5,2,8193,24184
2.0,31.5,25.5,1.5,2,22963,38456
2.0,68.5,23.5,1.5,2,16696,17122
2.0,124.0,44.0,1.5,2,17600,35898
2.0,99.0,43.0,1.5,2,19057,31066
2.0,51.0,15.0,1.5,2,8193,15424
2.0,189.0,97.0,1.5,2,13870,10673
2.0,31.5,17.0,1.5,2,19660,12916
2.0,51.0,45.0,1.5,2,8193,6187
2.0,159.0,12.5,1.5,2,19660,8518
2.0,44.5,19.0,1.5,2,19660,5212
2.0,8.0,6.0,1.5,2,26165,21903 42265
2.0,109.0,14.0,1.5,2,18441,47209
2.0,39.0,11.0,1.5,2,40709,47977
2.0,109.0,55.5,1.5,2,18441,43961
2.0,14.5,13.0,1.5,2,33198,13176 49235
2.0,8.0,6.0,1.5,2,26165,13176 42265
2.0,20.5,12.5,1.5,2,40709,38739
2.0,31.5,21.5,1.5,2,33198,27966 26604
2.0,14.5,12.0,1.5,2,40332,49520
2.0,31.5,19.0,1.5,2,40332,49235
2.0,109.0,21.5,1.5,2,18441,27325
2.0,20.5,20.0,1.5,2,26165,24852 19057
2.0,31.5,19.0,1.5,2,40332,39993
2.0,14.5,12.0,1.5,2,33198,43352
2.0,81.0,54.0,1.5,2,35898,47766 16797
2.0,20.5,6.0,1.5,2,5077,21137 27966
2.0,14.5,13.0,1.5,2,33198,13176 27966
2.0,14.5,14.0,1.5,2,13176 43961,13176 21903
2.0,20.5,3.0,1.5,2,5077,21137 26604
2.0,27.0,20.5,1.5,2,24852 24184,31066
2.0,14.5,3.0,1.5,2,13176 43961,33731
2.0,14.5,5.5,1.5,2,13176 43961,33000
2.0,31.5,30.0,1.5,2,33198,38293
2.0,20.5,20.0,1.5,2,5077,24852 19057
2.0,87.0,21.0,1.5,2,40709,18362
2.0,14.5,9.0,1.5,2,14233,46088
2.0,27.0,16.0,1.5,2,24852 24184,24852
2.0,44.5,21.0,1.5,2,17122,28427
2.0,27.0,14.0,1.5,2,24852 24184,21938
2.0,14.5,4.5,1.5,2,14233,41276
2.0,14.5,14.0,1.5,2,13176 43961,21903
2.0,14.5,10.0,1.5,2,13176 43961,20995
2.0,14.5,7.5,1.5,2,14233,38444
2.0,14.5,13.0,1.5,2,26604,13176 49235
2.0,39.0,8.5,1.5,2,40709,7781
2.0,14.5,14.0,1.5,2,13176 43961,17948
2.0,109.0,23.5,1.5,2,18441,3957
2.0,62.0,30.0,1.5,2,33198,21616
2.0,20.5,20.0,1.5,2,26165,19057
2.0,14.5,13.0,1.5,2,24852 19348,24852 19348
2.0,39.0,7.5,1.5,2,33198,20114
2.0,3.0,1.0,1.5,2,33198,18362
2.0,27.0,20.5,1.5,2,24852 24184,8193
2.0,27.0,8.5,1.5,2,24852 24184,6046
2.0,44.5,17.5,1.5,2,17122,9076
2.0,39.0,27.0,1.5,2,26165,10673
2.0,31.5,16.0,1.5,2,40332,8859
2.0,39.0,5.5,1.5,2,33198,11777
2.0,20.5,20.0,1.5,2,5077,19057
2.0,99.0,31.0,1.5,2,33198,11520
2.0,14.5,8.0,1.5,2,13176 43961,5785
2.0,14.5,13.0,1.5,2,26604,13176 33198
2.0,8.0,7.0,1.5,2,29487,5782
2.0,159.0,18.0,1.5,2,33198,7751
2.0,14.5,13.0,1.5,2,24852 19348,24852 5077
2.0,8.0,7.0,1.5,2,34969,1194
2.0,20.5,16.5,1.5,2,42240,13176 21137 39275
2.0,105.0,16.0,1.5,2,43295,47626 26209
2.0,14.5,13.0,1.5,2,26604,13176 27966
2.0,14.5,13.0,1.5,2,24852 19348,24852
2.0,14.5,12.5,1.5,2,23288,48679
2.0,14.5,13.0,1.5,2,24852 19348,19348
2.0,57.0,10.5,1.5,2,23288,43631
2.0,27.0,19.5,1.5,2,42265,21903 42265
2.0,14.5,14.0,1.5,2,43961,13176 21903
2.0,14.5,3.0,1.5,2,43961,33731
2.0,31.5,27.0,1.5,2,2966,16797 39275
2.0,14.5,13.0,1.5,2,24852 19348,5077
2.0,105.0,16.0,1.5,2,43295,47626
2.0,14.5,14.0,1.5,2,43961,21903
2.0,81.0,15.0,1.5,2,4210,6046
2.0,14.5,10.0,1.5,2,43961,20995
2.0,68.5,42.0,1.5,2,13176 49235,39275
2.0,207.0,33.0,1.5,2,42265,47766
2.0,14.5,14.0,1.5,2,43961,17948
2.0,14.5,10.5,1.5,2,26604,6187
2.0,20.5,16.5,1.5,2,42240,13176 21137
2.0,20.5,2.0,1.5,2,42240,33065
2.0,27.0,26.0,1.5,2,14947,44632 35221 21709
2.0,31.5,30.0,1.5,2,47766,49520
2.0,105.0,33.0,1.5,2,30233,47141
2.0,27.0,5.5,1.5,2,42265,33731
2.0,14.5,14.0,1.5,2,13176 39275,25466
2.0,20.5,12.5,1.5,2,43295,15424
2.0,51.0,3.5,1.5,2,43295,14233
2.0,68.5,33.5,1.5,2,13176 49235,10673
2.0,8.0,7.0,1.5,2,13176 49235,1194
2.0,39.0,26.0,1.5,2,42240,260
2.0,62.0,60.0,1.5,2,15902,36316
2.0,57.0,53.5,1.5,2,27344,32691
2.0,31.5,29.0,1.5,2,25146,33120
2.0,8.0,7.0,1.5,2,1194,13176 49235
2.0,39.0,23.0,1.5,2,5025,43772
2.0,93.0,27.0,1.5,2,27796,24852 5077
2.0,44.5,21.0,1.5,2,24852 16797,28427
2.0,31.5,30.0,1.5,2,27796,28993
2.0,44.5,10.0,1.5,2,39275,41276
2.0,242.0,26.0,1.5,2,34050,44632
2.0,68.5,17.5,1.5,2,22935,46654
2.0,20.5,10.0,1.5,2,2086,30489
2.0,124.0,12.0,1.5,2,34050,40332
2.0,62.0,48.0,1.5,2,15902,11182
2.0,31.5,22.0,1.5,2,2086,27521
2.0,44.5,12.0,1.5,2,4799,21195
2.0,20.5,8.0,1.5,2,3957,47144
2.0,3.0,1.0,1.5,2,1194,37158
2.0,115.5,79.0,1.5,2,3957,46667
2.0,8.0,6.0,1.5,2,13176,13176 24838
2.0,8.0,7.0,1.5,2,1194,34969
2.0,62.0,43.5,1.5,2,3957,13176 27966
2.0,14.5,13.0,1.5,2,15424,43295
2.0,68.5,53.0,1.5,2,22935,24184
2.0,115.5,82.5,1.5,2,3957,35951
2.0,68.5,18.5,1.5,2,22935,19488
2.0,20.5,2.0,1.5,2,45190,46088
2.0,44.5,30.0,1.5,2,15424,28993
2.0,20.5,8.0,1.5,2,3957,22963
2.0,115.5,64.0,1.5,2,3957,21903
2.0,14.5,8.5,1.5,2,45190,40174
2.0,115.5,19.0,1.5,2,3957,21386
2.0,39.0,9.5,1.5,2,41950,8193
2.0,3.0,0.5,1.5,2,15424,20955
2.0,148.0,36.0,1.5,2,45190,31066
2.0,51.0,42.0,1.5,2,40706,40706
2.0,135.0,36.5,1.5,2,3957,10673
2.0,115.5,114.0,1.5,2,3957,8518
2.0,39.0,21.5,1.5,2,27845,49520
2.0,115.5,39.5,1.5,2,3957,2086
2.0,31.5,1.5,1.5,2,45190,7751
2.0,39.0,9.0,1.5,2,47626,44632
2.0,254.0,22.0,1.5,2,18362,47209
2.0,8.0,7.0,1.5,2,39877,10032
2.0,14.5,12.0,1.5,2,13176 21903,13176 5077
2.0,14.5,12.0,1.5,2,13176 21903,5077
